sample,ENSG00000163682.15,ENSG00000181449.3,ENSG00000179603.17,ENSG00000109670.13,ENSG00000133703.11,ENSG00000178568.13,ENSG00000079999.13,ENSG00000077782.19,ENSG00000159216.18,ENSG00000141510.15
TCGA-56-8305-01,9.8350,5.9991,-3.0469,2.4465,3.5461,-3.6259,5.7420,3.7182,4.0198,5.9045
TCGA-21-1083-01,10.4237,-3.0469,-1.3548,2.9581,3.9175,-2.0529,6.2273,2.7931,3.9992,5.4300
TCGA-33-4587-11,11.5353,0.5955,-2.7274,2.3843,2.4960,-1.6394,4.9570,3.7815,2.6255,3.5299
TCGA-58-A46N-01,8.8082,7.8253,-0.2671,2.0289,4.0136,-6.5064,7.0628,3.1572,3.4007,1.3735
TCGA-56-A4BX-01,8.3186,8.0997,-2.2447,1.9111,4.0977,-9.9658,7.2213,3.2752,4.2818,1.7489
TCGA-34-7107-01,8.7801,6.7658,-1.0262,2.3193,3.9910,-2.5479,6.9354,3.9847,3.8837,6.1410
TCGA-56-7222-01,9.9144,5.2521,-2.2447,2.2633,3.8187,-2.4659,5.2521,2.7117,3.2856,2.1702
TCGA-37-4129-01,10.6808,0.1776,4.6938,3.8749,3.3577,-2.2447,5.5034,5.1244,0.7058,3.1327
TCGA-77-8145-01,7.7785,6.8036,-2.3147,2.8582,3.0893,-9.9658,5.3302,5.4216,4.8084,3.2267
TCGA-33-AASD-01,8.2648,5.5500,-2.3147,3.9289,3.6555,-2.3147,6.0385,3.7127,4.9260,4.1310
TCGA-22-5478-01,9.2482,4.5736,-3.6259,3.3647,3.2557,-3.1714,4.9510,4.2601,4.4900,4.8074
TCGA-92-8063-01,9.4313,5.8985,-2.1779,1.8444,3.0446,-9.9658,5.8375,3.9709,4.2480,6.0862
TCGA-39-5028-01,10.0726,2.5804,-2.6349,2.9618,3.1653,-2.9324,5.2262,4.8355,4.5602,4.1756
TCGA-58-A46J-01,9.1280,6.6038,-4.0350,2.5707,3.2870,-0.8863,5.4030,3.8421,3.8491,5.7819
TCGA-37-4133-01,10.8572,6.3418,-1.7322,0.9568,2.96,-3.458,5.4591,1.8564,2.5213,4.8944
TCGA-22-5482-01,10.8063,6.1252,-3.0469,1.7097,3.3148,-9.9658,6.1554,2.7763,3.6793,6.0665
TCGA-34-7107-11,9.6089,-0.0725,-3.1714,2.8720,2.6090,-0.9686,4.4243,4.7187,4.4081,4.0619
TCGA-77-7142-01,9.4488,6.6915,-2.9324,2.1830,4.5748,-1.9379,5.3155,3.4007,4.4270,5.9364
TCGA-60-2719-01,8.8256,5.9993,-2.6349,2.2019,3.9478,-4.0350,5.9835,3.5911,3.9318,6.1689
TCGA-39-5031-01,10.4187,7.0538,-2.7274,3.0145,3.2900,-0.6193,5.7877,4.6006,3.9883,3.3577
TCGA-18-3409-01,10.7404,-0.5332,-1.0862,3.9765,3.4318,-4.0350,4.7104,4.8595,4.6095,3.6030
TCGA-63-5128-01,10.5687,6.1237,-4.6082,2.0395,5.1704,-3.8160,4.9284,3.5035,3.2343,2.4985
TCGA-56-A4BW-01,8.4301,5.6932,-1.8836,2.6873,3.9947,-4.0350,5.8711,2.9710,4.0584,4.7762
TCGA-56-8308-01,8.6979,8.2330,-0.6416,2.6255,4.1804,-4.2934,6.1659,3.7400,4.5510,4.9723
TCGA-85-8353-01,8.6767,6.1747,-1.2142,2.7868,2.6738,-3.3076,5.3868,4.4457,4.9514,3.6242
TCGA-85-8277-01,10.0801,6.3841,-1.6394,2.1378,3.8105,-5.5735,6.8917,3.4020,3.9974,6.1647
TCGA-22-4604-01,9.7366,7.2376,-1.9942,2.4779,3.4543,-4.0350,5.4310,4.4277,4.1867,3.6703
TCGA-77-7463-01,9.5581,5.8689,-3.4580,2.9338,3.2572,-3.0469,5.8570,4.6041,3.3535,2.6738
TCGA-39-5039-01,10.6836,3.5547,-2.8262,2.3280,2.5061,-1.5522,5.4091,3.4881,3.7367,3.5449
TCGA-18-5595-01,9.6293,6.0616,-0.2159,3.0927,3.1924,-5.0116,7.0149,2.5804,3.8249,6.7396
TCGA-43-7656-01,9.7192,2.3280,-0.3383,3.4451,2.9205,-4.0350,4.9681,4.3009,3.8857,5.6631
TCGA-56-7221-01,8.3569,7.5279,-2.5479,2.0569,4.0357,-1.9942,5.3038,3.5645,4.5230,5.2338
TCGA-58-8386-11,9.9244,0.8488,-2.9324,2.8542,2.6348,-0.8084,4.6588,3.9213,3.5424,3.7475
TCGA-43-2576-01,10.5107,1.6281,-1.8836,2.3732,2.8341,-5.5735,5.2750,3.9031,4.0189,4.4101
TCGA-33-6737-11,10.3696,1.6234,-1.0262,2.7508,3.1556,-1.0862,4.8997,4.9928,3.0305,4.1441
TCGA-68-A59J-01,9.3719,8.1295,-0.7588,2.5585,4.4183,-2.9324,6.4288,4.2973,4.5856,4.9355
TCGA-39-5027-01,10.2502,7.7424,-2.0529,1.7870,3.7486,-3.3076,7.2960,2.4063,3.4251,5.4347
TCGA-22-5485-01,9.3132,7.2391,-4.0350,2.4008,3.5572,-3.8160,2.5852,3.4609,4.1506,6.8231
TCGA-46-6025-01,8.3009,4.3758,1.0711,2.7615,3.1860,-5.0116,4.8294,2.5585,3.5161,5.5793
TCGA-22-4593-11,9.1797,-2.9324,-2.6349,2.2082,3.3163,-0.4719,4.8218,4.6381,3.3492,4.2450
TCGA-18-3414-01,10.3872,5.1514,-1.2142,2.5363,3.5262,-2.7274,5.7071,4.5687,4.1417,5.4310
TCGA-85-A512-01,9.7140,8.5267,-1.4699,2.2051,5.0059,-5.5735,6.5977,4.9137,4.4317,3.3090
TCGA-43-6771-11,8.8660,-5.0116,-1.3548,2.9507,3.3731,-0.8863,4.7038,5.2227,4.6508,3.8571
TCGA-63-6202-01,10.8185,-5.5735,-0.5543,2.5462,3.3577,-6.5064,4.7560,3.7794,5.0339,4.8798
TCGA-46-3767-01,10.6730,3.9147,-0.9132,2.7336,3.9599,-2.4659,4.6938,4.7383,4.7950,5.2277
TCGA-58-A46L-01,8.9704,6.8558,-1.3548,2.3048,3.8269,-4.6082,6.7354,3.2189,4.0287,4.0366
TCGA-66-2790-01,8.9780,3.7006,-0.1828,3.2959,3.8521,-1.1172,4.5632,4.1506,3.8289,5.7228
TCGA-85-A4QR-01,8.7660,7.1402,-4.0350,2.2360,4.1515,-6.5064,6.1090,6.8638,3.6759,4.6502
TCGA-NC-A5HI-01,9.4558,6.4396,-3.0469,2.8740,3.9459,-4.2934,6.0422,2.8858,3.8360,5.2950
TCGA-77-A5G6-01,9.7038,6.8924,-4.0350,2.7721,3.7571,-4.6082,5.5012,3.6172,3.1620,5.6605
TCGA-22-5491-11,10.2890,-2.3147,-1.8314,2.5388,2.3871,-0.2328,5.0374,4.4667,2.9820,4.0462
TCGA-37-5819-01,10.3969,4.3527,-2.8262,3.6018,3.0110,-3.3076,5.9570,4.4108,2.6579,5.1627
TCGA-22-A5C4-01,10.0501,2.9710,-4.2934,2.9929,2.9262,-4.2934,4.3477,7.7427,3.5486,1.9931
TCGA-77-A5G3-01,8.7901,8.2353,-2.2447,2.8301,4.5429,-9.9658,6.3228,5.7258,4.6106,4.6387
TCGA-60-2714-01,10.4087,-2.2447,-1.7322,2.7270,2.8055,-5.0116,4.4660,2.2573,5.1306,5.2365
TCGA-18-4083-01,8.9548,8.1986,-0.7588,3.2826,3.7302,-5.0116,5.7814,4.2142,4.7856,4.8924
TCGA-43-8115-01,8.5378,6.4830,-1.1811,2.7183,3.5982,-5.5735,5.2873,5.2821,4.9635,4.5230
TCGA-33-AASI-01,10.6472,5.0536,-0.7834,2.4518,3.0757,-5.5735,5.4893,1.3109,3.1860,5.7764
TCGA-85-A4JC-01,10.3105,2.7636,-1.9379,1.9675,2.3337,-3.8160,5.8390,3.7421,3.1892,4.6485
TCGA-66-2785-01,10.6835,0.4447,-1.7322,2.0111,3.6370,-4.6082,7.1649,3.5161,3.2313,2.9692
TCGA-22-4605-01,8.7939,6.4007,-1.4305,2.2753,3.6737,-1.5951,6.0909,3.8391,4.3356,3.3731
TCGA-90-A4EE-01,9.4589,5.8048,-1.9379,2.4623,3.6983,-4.2934,5.6014,3.3379,4.1547,6.1771
TCGA-85-A50Z-01,9.2264,3.8905,-1.5522,2.1830,2.9432,-5.5735,5.2292,5.7312,2.8034,4.5626
TCGA-77-8008-11,9.3866,-0.2845,-2.2447,2.8916,3.1344,-0.7588,5.1123,5.2582,4.5167,4.9892
TCGA-NC-A5HL-01,8.6456,7.4417,-2.5479,2.9090,3.1844,-6.5064,6.8334,5.3274,3.8640,2.8361
TCGA-98-A538-01,8.5049,6.1202,-3.3076,3.5312,4.0153,-9.9658,5.8768,2.1862,4.1252,2.3592
TCGA-34-5234-01,12.2015,2.1213,-2.2447,2.1114,2.5756,-3.6259,4.6927,2.9729,3.1588,3.1393
TCGA-56-A5DR-01,9.3826,4.1612,-2.3884,2.2990,3.5971,-5.5735,3.7453,3.2189,4.1474,5.2208
TCGA-56-7822-01,9.1318,3.7603,-4.6082,3.5706,3.9365,-1.9942,4.6095,1.9968,4.1708,4.2728
TCGA-56-A62T-01,8.6129,4.8905,-2.4659,3.7345,3.5399,-6.5064,5.4689,3.2796,3.8013,2.3649
TCGA-34-2608-01,10.0678,4.9189,-1.6394,2.7594,3.4596,-2.5479,5.0215,4.1939,4.3709,4.8110
TCGA-77-8136-01,8.9118,4.9910,-2.7274,2.5511,3.1491,-5.0116,5.1887,4.3392,4.6888,4.5318
TCGA-66-2756-01,10.4473,5.7436,-2.6349,2.0430,3.9127,-5.5735,5.1040,2.9469,3.6916,5.9892
TCGA-43-8116-01,10.9734,5.2277,-1.9942,2.5112,4.2884,-1.9942,5.6756,2.5087,3.6600,5.6115
TCGA-18-3410-01,10.6156,3.6894,-3.1714,3.2796,3.6725,-2.4659,6.0854,2.0395,3.3759,6.6384
TCGA-66-2734-01,9.0770,4.5079,-2.9324,2.1147,3.2541,-4.6082,5.2502,3.2374,4.2111,4.9364
TCGA-33-AASB-01,10.2417,2.6114,-2.6349,2.0430,7.0955,-1.9942,6.3539,3.4116,3.6428,5.2487
TCGA-NK-A5CR-01,9.4936,8.0684,-2.5479,3.0234,3.8571,-5.5735,6.7020,7.3846,3.8935,4.6826
TCGA-90-7769-01,9.8277,7.1280,-2.5479,2.5561,3.7646,-9.9658,6.6578,2.6850,2.7161,5.3975
TCGA-37-4135-01,12.5499,3.5199,-0.7588,1.6374,3.4007,-6.5064,4.5988,1.5266,2.4171,2.4198
TCGA-98-8020-01,8.5814,0.5470,-3.0469,2.0878,3.1507,-3.8160,6.0175,3.1112,4.3435,5.3031
TCGA-22-5471-01,10.0242,6.5337,-1.5105,1.9822,4.5268,-9.9658,6.4133,2.9109,3.2313,5.9677
TCGA-66-2744-01,12.1320,2.5238,-2.1779,2.7951,3.3952,-3.6259,4.8395,3.1179,3.9346,5.6436
TCGA-77-8007-11,10.1829,-0.3566,-4.6082,2.4465,2.8602,-1.2828,5.2262,3.8611,3.9137,3.9156
TCGA-77-7335-11,10.6722,-0.4131,-2.2447,2.0844,3.0110,-1.5105,4.2571,3.9261,3.0654,4.1145
TCGA-58-A46M-01,9.0884,6.7218,-2.3884,2.0946,3.2297,-9.9658,6.7740,3.4765,3.4277,2.0707
TCGA-43-3394-01,11.3779,7.2937,-2.0529,2.2113,5.7209,-3.1714,5.4159,3.2587,3.7410,3.1278
TCGA-66-2767-01,9.6697,6.2871,-2.0529,2.7594,4.3737,-4.0350,5.2921,3.4318,3.6497,4.9969
TCGA-NC-A5HO-01,10.1328,6.2981,-1.7809,2.1509,3.7857,-6.5064,7.2680,2.5011,4.1820,4.8360
TCGA-77-8154-01,9.2844,6.6463,-2.1779,2.9128,3.6623,-1.2142,5.8130,6.2363,4.3944,5.4476
TCGA-37-A5EL-01,8.6606,4.7055,-1.1488,2.2237,3.6440,-2.1779,6.3829,2.9948,3.6018,5.3653
TCGA-22-4601-01,9.4292,7.6467,-0.5973,3.2900,3.5863,-3.4580,5.6372,6.3644,4.3075,5.9993
TCGA-22-4596-01,9.8964,1.6281,-0.5756,2.9765,3.4984,-2.6349,4.8329,4.6323,4.4257,4.4463
TCGA-21-1082-01,9.6443,5.4148,-0.3566,2.8936,3.2002,-2.5479,6.1741,4.2526,4.3428,5.9898
TCGA-98-A53J-01,9.4163,6.8890,-0.2328,2.2663,4.0171,-3.8160,6.3304,3.6289,3.6077,4.6571
TCGA-63-A5MJ-01,9.1051,6.8171,-2.2447,1.6964,3.5547,-9.9658,6.3313,4.0028,4.0935,4.9901
TCGA-33-4538-01,9.4904,6.8784,-1.2481,2.4252,4.3520,-3.3076,6.6747,3.4945,3.7291,6.3586
TCGA-56-7222-11,10.2880,-2.3884,-3.8160,2.4306,3.2781,1.3109,4.3841,3.3206,3.9089,3.8269
TCGA-34-5928-01,8.5829,4.0348,-1.5951,2.2360,3.3703,-5.5735,4.3730,5.1534,5.0233,5.8871
TCGA-98-A53A-01,10.0112,6.8759,-1.7322,3.3450,3.4894,-6.5064,5.8770,3.5199,3.5887,2.4805
TCGA-56-7223-01,9.8481,7.8429,3.6838,2.9090,5.9778,-1.6850,6.3377,6.5294,4.2818,5.7687
TCGA-77-7138-11,8.9404,0.4761,-3.0469,2.7161,3.2781,-0.5756,5.1392,4.9810,3.9792,4.1970
TCGA-56-8307-01,9.5487,4.2706,-2.3147,3.4304,2.8462,-4.2934,6.0775,3.0498,3.1572,2.8622
TCGA-J1-A4AH-01,9.7385,8.3848,-2.3147,3.4971,4.0019,-3.3076,6.0717,6.2961,3.6578,4.7159
TCGA-33-AASL-01,10.0793,7.6152,-0.9406,1.9712,3.5803,-4.0350,6.8489,0.7321,2.8381,4.6566
TCGA-58-8391-01,9.7875,6.0424,-2.1779,2.9167,2.9893,-2.6349,6.8442,4.1044,3.5596,5.7549
TCGA-66-2754-01,10.4232,5.2457,-1.7809,3.1955,4.0977,-5.5735,6.1900,2.2113,1.9415,1.9490
TCGA-85-A4QQ-01,9.7175,2.4306,-2.9324,1.9968,3.0910,-5.0116,5.5522,0.6050,4.3534,4.0567
TCGA-63-A5MB-01,9.8605,7.9168,-2.3147,2.0979,5.0153,-4.6082,6.7550,4.5380,4.3555,4.5091
TCGA-43-5670-01,10.2409,1.8643,-4.0350,2.7117,3.5411,-4.2934,5.9129,3.5086,3.5299,5.0726
TCGA-66-2758-01,11.6122,7.5594,-2.1779,2.5213,4.0627,-2.3884,6.8806,4.1145,3.3119,5.4512
TCGA-94-7557-01,9.1708,4.0233,-2.3147,2.5413,3.9346,-2.5479,5.7557,2.9857,4.4990,2.9450
TCGA-98-7454-01,9.3741,-3.8160,-3.8160,3.2450,3.5199,-1.5105,4.2624,4.1579,4.5386,4.8620
TCGA-56-8624-01,11.0724,0.7493,-9.9658,3.7006,3.6497,-2.0529,4.6433,3.8198,4.5862,3.5911
TCGA-33-A5GW-01,10.0446,6.3555,-3.0469,1.5013,3.4635,-4.0350,7.0819,2.1411,3.9737,3.5596
TCGA-63-A5MV-01,9.8315,5.8883,-2.8262,3.9645,3.4713,-4.0350,4.8022,6.2769,4.2943,2.7465
TCGA-56-8201-11,9.4485,-1.2481,-0.5756,2.5610,2.8422,-0.3022,4.5485,4.6329,3.7867,3.5608
TCGA-33-4586-01,9.1543,7.1695,-2.4659,1.8119,4.3855,-4.0350,7.3382,2.0946,3.9089,5.5348
TCGA-77-7337-11,9.3833,-0.2328,-0.5125,2.6208,3.3717,-0.1665,4.5620,4.7528,3.8551,4.2631
TCGA-68-7757-01,9.4893,6.6895,-2.8262,2.4063,3.0859,-3.0469,5.6062,4.0251,4.9566,5.1942
TCGA-56-8623-11,10.0631,2.1925,-0.9686,2.5683,2.8055,-0.7834,4.9141,4.2639,4.0019,3.6242
TCGA-66-2770-01,9.3506,5.9179,-1.4699,2.7530,3.3745,-4.6082,6.8563,3.2572,4.0278,5.7393
TCGA-51-4080-11,9.3492,0.4967,-2.7274,2.2783,2.7826,-0.0277,4.9695,4.7587,3.7378,4.4020
TCGA-O2-A52Q-01,10.9958,2.4279,-2.9324,2.3871,3.1669,-9.9658,5.8987,3.7006,4.1796,4.5886
TCGA-43-6647-01,8.2414,1.4600,-3.0469,3.3993,3.6301,-5.5735,4.2289,6.0711,4.6651,5.0086
TCGA-56-7731-01,9.4440,4.8620,-2.6349,2.5313,3.2359,-2.1140,5.4813,4.3364,4.3328,4.5832
TCGA-63-A5MN-01,9.8561,-1.1172,-1.5522,3.8501,3.0688,-6.5064,4.5742,3.4661,4.4304,3.7453
TCGA-NC-A5HF-01,8.7894,5.4243,-2.4659,2.8562,7.0967,-3.4580,6.5223,3.2737,3.8886,4.6713
TCGA-85-8071-01,8.5325,6.7537,-0.7834,3.1765,3.6463,-6.5064,6.3901,1.9527,3.3689,5.2873
TCGA-21-1076-01,9.74939062597,6.28229097201,-1.07097407247,3.30174744194,3.12281962788,-2.82621802783,5.87542745282,4.56166513311,4.48838517293,5.13218094967
TCGA-56-1622-01,8.8625,7.3542,-1.0559,3.5971,4.5565,-1.8836,5.2146,6.2689,4.6433,6.0273
TCGA-60-2697-01,9.7131,-0.1345,-2.5479,3.2959,2.8974,-1.2142,4.9824,4.4868,4.1482,4.4686
TCGA-34-5232-01,9.8114,6.1841,-2.7274,3.3206,3.4778,-4.0350,5.9743,3.4291,4.2335,5.0884
TCGA-60-2723-01,9.6603,6.2752,-2.1140,2.1606,3.7582,-3.0469,5.9091,3.2781,3.6849,3.0568
TCGA-77-8007-01,9.8397,3.3745,-2.3147,2.3564,3.2267,-9.9658,4.7549,3.8896,4.9700,4.7619
TCGA-21-1072-01,11.3409,6.5353,0.5069,2.8799,4.8100,-4.6082,5.9878,3.2752,4.2892,6.2636
TCGA-L3-A524-01,9.1550,8.9804,-0.7834,2.4753,3.5754,-4.0350,6.1757,4.2980,4.5053,5.3234
TCGA-LA-A7SW-01,9.2928,1.4756,-1.7322,2.4960,3.6600,-6.5064,5.3685,3.6725,3.6184,5.4337
TCGA-NK-A7XE-01,10.2143,5.2392,-5.5735,1.7702,3.8279,-1.1172,6.3192,2.2901,3.0688,4.9942
TCGA-56-5897-01,8.6416,3.6440,-0.8084,3.1876,3.1829,-4.6082,5.6617,4.1547,4.7421,3.5694
TCGA-43-A475-01,9.4639,6.9010,-1.2481,2.7051,3.9012,-5.0116,6.9255,3.6370,4.5355,5.0023
TCGA-56-A4ZK-01,8.6832,7.4552,-2.1779,2.8661,3.4856,-6.5064,6.1420,3.9920,4.6018,3.3549
TCGA-37-3789-01,11.8068,2.3564,-3.4580,3.4843,3.2466,-9.9658,5.1807,3.3250,3.2900,2.0979
TCGA-37-A5EM-01,8.4814,7.1927,-0.7588,2.4171,3.4556,-9.9658,5.9764,4.2825,4.4404,5.0321
TCGA-66-2792-01,9.2937,7.6172,-3.8160,2.6302,3.8411,-6.5064,6.1142,4.0242,4.3569,2.9013
TCGA-56-8309-11,9.7544,2.9710,-1.5522,2.2813,2.8199,0.2762,4.7437,4.0875,3.9147,3.5718
TCGA-NC-A5HM-01,9.8105,6.5011,-2.4659,2.4090,3.2359,-4.6082,6.0553,4.5123,3.7378,5.4838
TCGA-85-A513-01,8.9256,-2.1140,-3.0469,3.1829,1.6785,-4.0350,5.2434,6.3192,4.8876,3.6440
TCGA-60-2724-01,9.9090,3.8116,-4.0350,1.9452,3.0723,-2.2447,5.1811,5.0365,3.7877,4.1836
TCGA-22-5489-01,8.7337,3.1908,-1.6394,2.4518,2.6738,-2.0529,5.5823,7.3124,3.9223,3.4291
TCGA-85-7696-01,9.2691,6.7274,-0.6643,2.4252,3.6054,-1.7322,6.8954,4.2196,4.0593,4.9103
TCGA-68-8250-01,9.9172,5.9146,-3.8160,2.8361,4.0340,-2.8262,4.9500,5.4761,4.5040,3.3717
TCGA-66-2759-01,9.1684,5.0171,-2.7274,3.2267,3.4318,-6.5064,5.6560,3.9496,3.0481,5.4826
TCGA-51-4079-01,10.1995,6.3219,-2.5479,2.2753,3.9645,-3.6259,6.2587,2.9052,4.2289,2.8442
TCGA-85-A4CN-01,8.8178,7.5623,-1.1811,1.9786,3.2389,-6.5064,6.9806,4.5129,4.1335,5.2836
TCGA-56-A5DS-01,8.9531,6.7229,-3.6259,3.5111,3.3549,-3.1714,5.8354,5.0605,4.7253,4.2899
TCGA-22-1012-01,10.9953,7.9871,-5.0116,2.7721,3.9983,-5.0116,6.2409,3.5411,3.7127,2.7336
TCGA-77-7338-11,10.1782,0.1124,-1.5522,2.5585,3.4997,0.0580,4.7913,4.2080,3.3492,4.3263
TCGA-43-7657-01,9.4496,6.7263,-1.2481,2.1988,3.2973,-9.9658,5.3122,3.3577,4.3039,6.1281
TCGA-39-5035-01,10.0278,2.4883,-2.8262,2.3649,4.7274,-4.0350,6.2420,2.4171,3.9421,5.5311
TCGA-94-A4VJ-01,8.9442,3.5851,-3.0469,2.5487,3.6905,-9.9658,5.1993,4.5324,3.9089,5.0242
TCGA-21-A5DI-01,9.6010,5.2917,-1.7322,2.6918,4.7882,-9.9658,5.2679,3.1860,4.1828,4.0127
TCGA-85-6175-01,9.4088,1.5612,-2.0529,3.0270,2.7679,-3.8160,5.1744,5.2743,5.3841,5.2438
TCGA-37-3792-01,10.9542,-0.6643,-1.3183,2.5900,3.1669,-6.5064,5.0113,4.4516,3.4088,5.1716
TCGA-39-5024-01,10.1981,4.1351,-1.7809,2.0218,3.0481,-4.6082,6.2071,2.5972,3.9022,3.0217
TCGA-63-A5ML-01,8.7127,7.6767,-0.7588,2.5658,4.1128,-3.6259,7.0827,4.6994,3.8501,4.5205
TCGA-98-A53H-01,9.8152,5.1107,-4.0350,2.8602,3.2811,-0.4921,5.1555,4.7719,4.9308,4.3421
TCGA-60-2704-01,8.7806,5.8765,-1.4699,3.6872,3.8310,-1.7322,4.8827,5.2555,4.8739,3.5187
TCGA-52-7811-01,10.4548,4.6691,-5.0116,1.8957,3.6451,-3.3076,5.5883,3.3897,4.4861,2.8096
TCGA-34-2596-01,9.1519,7.1754,-1.7809,2.2960,4.1409,-3.6259,6.9151,4.2884,3.7302,3.3364
TCGA-56-8082-01,9.4816,7.1777,-1.1172,2.0878,3.9440,-1.8314,5.1981,5.2064,3.9337,6.4201
TCGA-85-A5B5-01,10.1492,9.3872,-0.5973,3.0252,3.0910,-9.9658,7.5798,5.8161,4.4536,5.3799
TCGA-43-7658-11,10.1522,2.5112,-1.4305,2.3280,2.8641,0.5069,5.0326,4.1392,3.7815,3.6207
TCGA-NK-A5D1-01,10.6759,4.6224,-1.5522,3.1162,3.2766,-2.4659,5.0934,6.2515,4.0127,6.1875
TCGA-66-2783-01,8.9949,6.6016,-1.0862,2.8936,3.4933,-2.2447,6.3464,2.6533,3.8501,3.4997
TCGA-85-8350-01,9.6709,5.5802,-2.9324,2.8542,3.6782,-4.0350,5.1639,4.5380,3.9901,3.1179
TCGA-NC-A5HP-01,9.7955,7.0800,-2.1140,2.0360,3.6474,-6.5064,5.7189,4.4290,4.3951,4.6679
TCGA-33-4566-01,10.6066,-3.1714,-2.5479,1.2023,3.9599,-9.9658,5.7052,1.9111,2.8137,5.4390
TCGA-77-A5GH-01,9.8689,3.5299,-0.9132,3.3061,3.1971,-5.0116,6.3302,4.1466,3.6916,5.2642
TCGA-18-5592-01,8.9838,6.5236,-1.5522,2.4332,3.2374,-9.9658,6.6624,1.4808,4.0696,6.1556
TCGA-34-8454-01,9.0305,5.0640,-0.5332,2.8442,2.9784,-3.6259,5.6011,3.9356,4.6668,4.9122
TCGA-85-7698-01,9.7746,6.9404,-0.7834,2.5585,3.6782,-5.0116,6.5784,4.6972,4.3017,5.7714
TCGA-96-A4JK-01,9.6343,7.5519,-1.5522,2.4571,3.2328,-6.5064,6.5743,3.8431,4.5988,5.7312
TCGA-21-1081-01,7.1416,5.1676,-3.6259,3.5399,2.9655,-4.6082,5.4377,4.0225,4.7367,3.1409
TCGA-66-2794-01,10.0133,7.3753,1.1641,1.7575,4.3548,-5.0116,7.1724,3.4517,3.5572,6.5908
TCGA-56-A4ZJ-01,9.2127,5.0764,-2.1779,2.4198,3.4920,-0.8599,4.5565,4.2142,4.6224,3.6219
TCGA-77-A5GB-01,9.2208,2.5462,-1.3548,2.5634,2.5213,-9.9658,6.0099,2.8819,4.4536,3.9147
TCGA-21-5782-01,8.8686,6.6495,0.3231,2.2990,3.0323,-1.3921,5.9236,3.9060,4.2833,5.1938
TCGA-77-6842-01,9.0018,4.3548,-1.3183,2.9356,2.7700,0.5568,6.0590,3.2557,2.8897,5.8120
TCGA-33-4532-01,10.4289,5.9463,-2.0529,2.4144,3.5633,-3.6259,3.7138,3.6417,2.6738,6.3174
TCGA-56-8629-01,8.9907,5.0032,-1.8314,2.4465,4.3827,-3.4580,5.8822,3.6872,3.5212,4.7394
TCGA-77-6845-01,10.2721,6.9140,-1.6850,2.8158,2.9469,-3.8160,5.9028,3.5982,4.1078,2.3048
TCGA-77-A5FZ-01,10.6502,-0.7108,-1.5951,3.4726,3.0927,-1.6850,4.8233,4.3597,4.3449,4.6012
TCGA-77-8139-01,8.4677,6.4973,-2.5479,3.3842,4.0028,-5.0116,5.2040,3.4700,4.5243,5.6424
TCGA-77-A5G7-01,9.6311,6.7298,-2.2447,3.1523,3.6077,-3.8160,6.9284,5.2754,3.9031,5.3388
TCGA-66-2786-01,9.6232,4.1628,-3.8160,2.2813,3.1829,-2.3884,4.9718,3.7280,3.5473,5.2365
TCGA-77-8144-01,9.8517,3.5851,-5.0116,2.3423,3.4020,-9.9658,5.2335,1.8242,3.4543,5.2426
TCGA-58-8387-01,11.0093,6.9384,-1.9942,2.9839,4.0960,-9.9658,5.9683,6.4903,2.3592,2.2960
TCGA-60-2725-01,10.3344,5.4954,-0.2671,2.5852,3.7400,-2.2447,5.6851,4.5386,3.7453,3.9156
TCGA-52-7810-01,9.9689,5.0144,-1.3183,1.7954,3.4622,-6.5064,6.1071,1.8444,3.5730,1.8762
TCGA-22-5483-11,9.8498,-4.6082,-2.3884,2.3280,2.9802,0.0014,4.6077,4.4081,4.1044,4.2111
TCGA-22-4599-01,9.5467,6.6805,-1.8836,2.2391,4.0304,-3.0469,6.3623,2.7117,3.4920,5.1429
TCGA-85-8584-01,9.9140,-0.2845,-2.9324,2.8877,5.9343,-5.0116,5.4608,3.3675,3.9346,4.8684
TCGA-90-6837-01,8.6548,3.1294,-1.3921,2.5707,3.1556,-1.1488,5.4169,3.8581,4.2366,4.4257
TCGA-NC-A5HT-01,9.6889,6.4023,-2.1140,3.4700,2.6510,-2.4659,5.8159,5.0644,4.7735,2.9784
TCGA-39-5011-01,11.2678,4.0180,4.9036,2.3019,2.7249,-3.3076,5.6688,1.7617,3.3731,5.9892
TCGA-21-5786-01,10.3486,2.9432,-4.0350,2.6647,4.3364,-6.5064,4.6277,3.1939,3.8441,5.3530
TCGA-63-A5MW-01,9.8883,5.4246,-4.0350,4.1883,3.6006,-2.7274,5.4476,6.1270,4.5180,4.5436
TCGA-85-6798-01,10.8812,7.6728,-1.8314,2.3048,2.7401,-4.6082,7.5641,4.2556,3.5923,6.3691
TCGA-77-8008-01,8.8234,1.8242,-2.4659,2.8034,2.5561,-5.5735,4.4210,5.8819,5.0648,3.8915
TCGA-77-8140-01,11.0971,5.5373,-9.9658,2.9637,3.8551,-1.7809,6.0074,1.9377,3.5935,4.8734
TCGA-46-3768-01,9.6767,7.4371,-4.2934,2.4090,4.1875,-3.0469,6.7814,4.6428,4.0313,5.7096
TCGA-66-2793-01,11.1731,6.5163,-2.1779,3.0498,3.7193,-3.8160,5.1918,3.3883,4.7587,6.2441
TCGA-85-7710-01,9.1605,5.0189,-1.9942,3.1733,3.7783,-5.0116,6.1691,2.1670,4.4647,4.9241
TCGA-22-4595-01,9.1925,4.8660,-2.1779,2.6828,4.5098,-3.8160,5.3505,3.7378,4.0918,4.5778
TCGA-56-5898-01,9.4416,7.1498,-2.3884,2.6019,4.0610,-3.1714,5.4640,4.0558,4.1506,5.1198
TCGA-66-2780-01,9.3201,4.1169,-1.6394,2.4779,2.8280,-4.6082,5.1400,3.5839,3.9403,2.6556
TCGA-58-A46K-01,8.5266,7.2078,-1.2142,2.6208,4.2556,-3.4580,5.9258,4.4054,3.4635,5.8861
TCGA-60-2708-01,9.7072,5.1445,-1.7809,2.0912,3.1195,-6.5064,5.2514,4.6259,4.1539,3.1987
TCGA-33-AAS8-01,10.3110,8.0303,-3.1714,3.2220,3.9270,-3.8160,7.2218,2.7551,3.2811,5.3723
TCGA-85-A4PA-01,9.9922,-1.2481,-2.1779,3.7709,3.1245,-2.8262,4.7274,4.4861,3.4264,5.4463
TCGA-98-8023-01,9.7148,3.9947,-3.0469,2.8502,3.0145,-3.8160,5.1895,3.3938,4.0242,6.3639
TCGA-39-5029-01,10.4486,4.0295,-1.9379,2.6760,2.8974,-4.2934,5.2184,4.0401,3.6195,2.6962
TCGA-56-7823-11,9.1987,1.3956,-0.4921,2.7508,3.1653,0.0990,4.6821,4.9265,4.1859,4.2289
TCGA-63-A5MS-01,7.7354,3.7475,-1.8836,3.2662,2.7357,-2.6349,4.0782,4.6387,3.5098,2.2842
TCGA-77-7465-01,10.5094,5.6355,-2.2447,2.7993,3.7280,-3.1714,5.6168,5.4286,4.6376,5.6693
TCGA-22-5472-01,9.1354,6.0648,-1.6394,2.3564,3.4251,-2.1779,5.8731,3.0145,5.2312,5.5931
TCGA-77-8150-01,9.0665,7.8646,-0.9686,1.9034,2.8034,-9.9658,6.7088,4.4496,3.6312,5.9081
TCGA-22-4593-01,9.1885,4.0171,-2.2447,2.8936,3.0619,-3.3076,5.7461,5.7785,5.0781,2.8994
TCGA-85-7843-01,9.9572,5.6017,-1.6394,3.2420,3.4304,-6.5064,6.2259,5.3035,4.0216,4.5638
TCGA-46-3765-01,10.7723,5.8296,-2.6349,2.8720,4.0127,-2.4659,5.4631,5.3463,3.7593,4.3031
TCGA-39-5040-11,11.7434,-2.4659,-1.9379,2.7422,3.2632,-0.7346,4.6165,4.0884,3.1212,3.1245
TCGA-43-6773-11,8.1614,1.5854,-5.0116,2.5996,2.9071,-0.1993,4.8778,5.1922,3.9682,4.0705
TCGA-66-2781-01,8.9899,5.3173,-5.5735,2.7161,3.5199,0.1648,5.7088,6.0092,2.8137,2.1213
TCGA-39-5034-01,9.4541,3.5730,-1.2828,2.8199,4.5608,-2.8262,5.5236,6.5705,4.2743,2.4675
TCGA-85-A50M-01,9.2515,1.9415,-2.6349,2.9356,2.7679,-4.0350,4.3249,3.7302,4.7777,2.7487
TCGA-22-4613-01,10.7135,6.9397,-4.6082,2.1541,3.4971,-3.3076,6.5673,3.6497,3.2127,5.2994
TCGA-66-2782-01,10.1997,3.9636,-3.1714,2.7379,3.1892,-5.5735,5.1498,4.3903,4.3793,2.7951
TCGA-66-2768-01,9.9887,3.2632,-4.0350,2.2931,3.1844,-9.9658,6.4514,2.3953,3.7909,4.3306
TCGA-85-8481-01,9.0883,3.2796,-2.0529,2.3193,3.4102,-9.9658,4.3576,3.8370,4.4135,2.4857
TCGA-37-4141-01,11.1181,2.6185,3.8167,2.0707,2.3843,-2.5479,5.3775,5.7016,3.3731,5.5034
TCGA-43-5670-11,9.8036,3.3134,-0.2671,2.9875,3.0757,1.0573,4.8655,4.8709,3.8551,3.7464
TCGA-60-2715-01,9.8305,5.5632,-1.8314,2.9281,2.8462,-2.2447,5.0545,5.0050,4.5473,4.5293
TCGA-43-6143-11,9.9075,-3.1714,-6.5064,2.9052,2.5876,-0.4719,4.7924,4.9704,3.8340,4.2766
TCGA-NC-A5HE-01,10.0079,6.3252,-0.3940,2.2082,3.4530,-2.8262,6.8680,3.8300,3.6816,4.0375
TCGA-77-A5GA-01,9.7431,7.2499,-0.9971,1.8957,3.0463,-4.2934,6.9304,4.4067,3.6771,5.8669
TCGA-60-2709-11,10.9639,-0.2845,-1.2481,2.9413,3.7105,-0.2845,4.6560,4.9982,4.3751,3.2541
TCGA-85-A4CL-01,10.2594,7.3525,0.9038,1.7786,4.2661,-5.5735,7.5425,2.4465,3.6872,4.9819
TCGA-22-1002-01,9.6862,3.8521,-3.6259,3.1860,3.1228,-1.5105,5.0653,4.8470,3.9108,3.5523
TCGA-85-A53L-01,9.8526,7.2325,-3.4580,2.0254,3.8360,-5.5735,5.5747,7.0621,3.7496,4.1867
TCGA-MF-A522-01,10.2118,6.5356,-4.0350,1.2696,5.1334,-4.2934,5.8953,2.3280,3.2959,1.8242
TCGA-63-7021-01,9.3429,6.7321,-1.5105,3.8944,3.0978,-6.5064,6.1004,3.2885,3.2587,3.9636
TCGA-43-6770-01,9.9641,7.0140,-3.0469,3.4210,4.4529,-4.0350,6.3627,4.9069,4.6497,6.3255
TCGA-98-A53B-01,9.2262,4.9379,-4.2934,3.1112,4.0601,-3.1714,4.7469,6.3386,4.8758,2.6579
TCGA-21-1070-01,10.2906,4.7049,-2.2447,3.3235,3.9002,-4.0350,5.0237,2.4571,3.6266,4.9996
TCGA-94-A5I6-01,8.6248,7.6269,-1.0559,2.4332,4.7666,-6.5064,6.3133,5.3230,4.1269,3.9682
TCGA-66-2742-01,9.5837,6.1056,-1.8314,2.8462,3.4856,-4.6082,5.4050,2.6418,3.9792,3.8818
TCGA-56-8304-01,10.0479,6.1268,-3.6259,2.3981,3.8218,-1.7809,5.8657,2.6208,3.7898,5.2994
TCGA-37-4130-01,14.1469,-0.3566,-1.2142,2.8936,3.5035,-1.5105,4.4162,2.6418,1.5902,3.9280
TCGA-77-7139-01,10.4462,8.3307,-0.9132,2.5900,3.7421,-6.5064,7.3341,7.2681,4.6265,4.5324
TCGA-66-2757-01,11.2368,4.0118,-0.5125,1.8643,3.6463,-1.3548,5.6597,3.4971,4.3090,6.4306
TCGA-90-7767-01,10.9238,5.7455,-0.9132,2.6418,3.5851,-5.5735,5.5580,5.5641,4.6514,6.3302
TCGA-85-8582-01,9.2681,3.9534,-2.1779,2.7227,3.2080,-6.5064,4.8197,5.1910,5.4169,5.3534
TCGA-NK-A5CX-01,9.3027,5.8367,-3.3076,2.7051,3.3979,-5.0116,5.1942,2.9674,4.7592,4.9203
TCGA-22-4609-01,8.5232,6.2869,-3.1714,3.4102,3.5645,-1.9379,5.4542,3.9974,4.2706,3.4237
TCGA-22-1017-01,10.6885,-1.4305,-4.2934,2.7530,4.0636,-1.9942,4.9364,4.2033,3.7773,5.1720
TCGA-77-8131-01,9.2240,1.0007,-1.8836,2.4753,2.7530,-4.0350,5.2025,3.6816,3.9983,5.0549
TCGA-56-A49D-01,9.3817,5.0700,-3.6259,2.9186,2.8897,-2.2447,5.1010,5.5696,3.6543,4.4628
TCGA-98-A539-01,9.8241,4.5454,-2.1779,3.7389,2.9375,-3.8160,5.5012,3.0910,4.4243,2.9893
TCGA-96-8170-01,9.1330,4.9065,-5.0116,2.8260,3.1971,-2.5479,5.7181,3.5461,4.4913,2.8994
TCGA-63-A5MY-01,10.6021,7.1178,-4.0350,2.8582,3.9728,-9.9658,6.6237,6.8510,3.9874,4.2533
TCGA-XC-AA0X-01,9.1525,6.1867,-3.1714,3.4156,4.1053,-1.4699,5.4608,4.5299,4.5850,4.5934
TCGA-77-A5G1-01,9.1626,-0.9971,-3.1714,3.2374,4.2064,-2.8262,4.8253,3.6782,4.4061,4.4628
TCGA-NC-A5HR-01,9.8745,6.9173,-2.7274,2.6185,3.7302,-2.3884,6.7846,7.6237,3.8788,2.1894
TCGA-56-7582-11,9.7617,1.5064,-3.0469,3.2328,3.0270,0.1124,4.7285,5.3597,3.8818,4.4562
TCGA-98-8022-01,8.5598,-0.0425,-4.2934,3.4237,3.6759,-1.9942,5.4226,3.4304,3.6486,5.5515
TCGA-66-2777-01,10.3392,6.4224,-3.8160,1.9675,4.8575,-2.3147,5.6679,3.9478,3.9654,5.0197
TCGA-33-A4WN-01,8.8301,6.5275,-2.9324,2.0111,4.0462,-3.4580,6.1023,6.6801,3.6219,5.5681
TCGA-77-8130-01,9.3567,1.8160,-2.1779,1.9527,3.0127,-5.0116,5.3162,3.8105,4.9801,2.8014
TCGA-56-7823-01,8.5466,7.8590,-5.0116,2.4701,4.0445,-6.5064,6.3901,2.9820,4.3335,1.9895
TCGA-85-8072-01,9.0643,6.9180,-1.6394,2.0430,3.1701,-3.3076,6.5415,3.3647,3.5791,5.5614
TCGA-77-7337-01,8.9812,3.8541,-3.3076,3.3535,4.0790,-4.6082,5.1380,4.3527,4.5180,5.4142
TCGA-21-1071-01,9.7334,6.1538,-1.4699,2.8641,4.7077,-2.7274,5.8687,3.6961,4.6410,5.9446
TCGA-90-A59Q-01,10.7435,0.6050,-3.0469,3.6520,3.2841,-9.9658,6.0374,2.3048,3.7529,4.1692
TCGA-96-A4JL-01,9.7523,6.3846,-0.7834,2.7161,3.2511,-2.5479,5.7423,4.2434,3.7529,6.6949
TCGA-60-2698-01,9.4279,5.2586,-1.1172,2.3337,4.8510,-2.9324,5.7463,2.9911,3.9012,3.8769
TCGA-63-7023-01,9.2597,7.1047,-3.1714,1.9859,7.0964,-4.2934,5.7814,5.0670,3.0944,1.0573
TCGA-22-4591-01,9.3527,6.4838,-2.9324,4.0480,3.8650,-4.0350,5.4725,6.2739,4.1368,3.0074
TCGA-22-5478-11,9.5537,-0.5756,-0.4719,2.5087,3.1179,0.0014,4.7576,4.3342,4.2243,4.1587
TCGA-58-8386-01,8.7630,4.2158,-2.4659,2.5112,3.6347,-1.2142,5.1977,3.1876,4.0918,4.3744
TCGA-85-7699-01,9.8115,3.5461,-3.3076,2.6647,4.0807,-3.1714,5.5693,7.8109,5.3335,5.6115
TCGA-60-2716-01,11.0606,5.2713,-3.4580,2.4252,3.3966,-3.8160,5.7824,2.7763,3.5971,6.9133
TCGA-94-8491-01,10.4882,5.3695,-4.6082,2.9319,3.1653,-5.0116,6.1896,3.6195,3.5559,5.0523
TCGA-77-7142-11,10.1844,-0.6643,-2.3147,2.7336,3.3521,-0.1187,4.3820,4.7115,3.8611,4.1907
TCGA-NC-A5HN-01,10.4514,6.3963,-2.5479,2.5462,3.3076,-9.9658,6.1443,1.7009,3.5022,4.3090
TCGA-21-5784-01,10.2916,4.9146,-2.8262,2.1345,2.0395,-1.5105,6.1225,3.7888,3.7836,3.4894
TCGA-92-7340-11,9.6720,0.6790,-0.3201,2.9469,3.4451,-0.3022,4.5015,4.8987,4.1219,3.9838
TCGA-98-A53D-01,10.1639,-1.7322,-4.0350,3.1311,3.1409,-1.1488,4.9905,5.9031,5.1946,3.9838
TCGA-60-2709-01,9.2265,7.1456,-1.9379,2.6805,3.7248,-2.8262,5.7549,5.9491,4.4641,4.8182
TCGA-77-7138-01,9.0905,0.1648,-1.2481,3.0910,2.7636,-6.5064,5.2083,1.3901,3.8531,3.8105
TCGA-22-5491-01,10.6841,6.5756,-3.1714,1.7912,3.9251,-5.5735,6.3502,3.9856,2.8361,4.9322
TCGA-85-6561-01,8.8830,5.7418,-1.3921,2.8779,3.5299,-4.6082,6.4803,4.0127,4.4829,5.8004
TCGA-58-8390-01,9.1960,3.8075,-2.4659,2.0912,3.1604,-5.0116,4.7955,7.9036,4.3625,5.8197
TCGA-77-7141-01,9.3185,6.7978,-1.4699,2.7292,4.4569,-3.3076,5.6600,3.8360,3.3675,4.9364
TCGA-90-7766-01,8.3980,6.3658,-3.0469,3.9910,3.7909,-4.6082,6.0222,1.3956,3.9691,4.7258
TCGA-43-2581-01,9.2865,-3.8160,-1.2828,3.2018,3.8033,-5.0116,4.9635,3.4674,4.9955,4.7840
TCGA-56-8625-01,8.6280,7.0135,-0.2159,2.9109,4.3024,-2.3147,5.4851,6.3200,5.1231,5.0631
TCGA-85-8354-01,10.1402,7.1458,-2.2447,3.3206,4.1740,-5.5735,6.0139,3.0181,3.2677,3.2049
TCGA-56-8201-01,9.1143,0.0718,-3.8160,2.2633,3.2481,-6.5064,4.8495,4.2833,4.9924,5.9343
TCGA-43-A474-01,10.1849,6.3872,-3.8160,2.2783,4.0584,-9.9658,6.3834,4.4074,4.4297,2.3019
TCGA-60-2696-01,9.4594,1.6604,-1.1488,2.3135,2.9729,-4.0350,4.6456,3.2002,3.8944,5.1161
TCGA-34-5240-01,10.4886,7.7541,0.8883,1.7316,3.5947,-3.4580,6.8514,4.8470,4.1939,4.7804
TCGA-33-6737-01,10.0075,-4.6082,-3.6259,2.5112,3.5022,-0.3201,5.8097,3.0092,3.8591,4.0722
TCGA-90-A4ED-01,10.7612,-3.1714,-3.0469,3.3883,3.0859,-6.5064,4.6247,5.1310,3.4556,5.5355
TCGA-66-2771-01,11.1323,4.7840,-4.2934,2.7292,3.1261,-3.3076,5.3252,2.2019,2.5388,2.6647
TCGA-43-3920-01,11.3518,4.2274,-2.5479,2.4623,3.9280,-9.9658,4.8983,5.8475,4.1019,4.7825
TCGA-22-4594-01,11.0398,4.4357,-1.7322,3.1261,3.6520,0.9419,3.7400,3.8650,3.3787,4.8885
TCGA-77-8128-01,9.0403,8.1844,-1.3921,2.5804,4.3292,-9.9658,6.1146,5.8885,4.2833,5.6168
TCGA-56-7580-01,10.3118,6.4702,-3.6259,3.4490,3.6759,-4.6082,6.0805,2.0604,3.8954,3.4183
TCGA-60-2721-01,8.8932,6.1532,-2.5479,3.1701,3.6440,-5.0116,6.1100,4.4523,4.4463,2.9747
TCGA-85-8052-01,9.2540,7.8627,-1.8836,2.0289,4.6282,-3.4580,6.5460,4.0073,5.0041,5.4861
TCGA-43-6771-01,8.8679,1.6558,-3.8160,2.0183,3.0376,-9.9658,3.9280,3.6474,3.5486,4.9127
TCGA-22-1000-01,9.5826,3.2127,-1.1172,2.4386,2.9243,-2.3147,4.8802,4.6171,4.6623,4.5534
TCGA-52-7812-01,9.1294,0.0014,-1.9379,2.8055,4.0705,-4.2934,6.2787,1.6604,4.6393,5.5850
TCGA-18-3412-01,10.5348,5.5775,-0.4325,2.0004,3.8670,-2.3884,5.5100,3.0723,3.1228,5.5361
TCGA-70-6722-01,8.9437,-0.7588,-1.9942,1.7870,3.1458,-3.8160,5.0734,3.3492,4.4823,3.3350
TCGA-60-2703-01,9.4865,3.1604,-1.2142,3.3647,4.5261,-3.8160,4.4509,4.6106,5.0841,5.3082
TCGA-NC-A5HH-01,10.7130,4.6012,-3.3076,2.6647,3.7094,-9.9658,5.5398,7.1814,3.9700,2.5780
TCGA-43-3394-11,9.2017,2.6715,-2.3147,2.7161,2.9637,0.1648,4.2631,4.6171,4.0884,4.1069
TCGA-60-2722-01,8.8470,7.8331,-1.8314,2.3193,3.9691,-5.5735,6.0235,3.2496,4.5349,4.9946
TCGA-33-4582-01,11.3766,6.1669,-5.5735,2.2813,4.1788,-6.5064,5.0549,1.9895,3.2205,4.0198
TCGA-56-7580-11,9.4526,-3.8160,-1.9942,2.9205,2.9600,-0.7588,4.8748,5.0440,3.8177,4.3951
TCGA-85-8666-01,8.6254,4.7986,-1.7322,2.1798,4.6364,-6.5064,5.3930,3.7971,4.6577,3.6905
TCGA-22-5471-11,9.7123,2.3704,-4.2934,2.2573,3.0619,-0.4521,5.1264,4.1194,4.0816,4.2593
TCGA-63-A5MM-01,10.2999,-1.3183,-3.8160,2.3953,2.5972,-9.9658,5.3792,3.1162,4.5681,5.0597
TCGA-92-8065-01,8.4964,3.5486,-3.4580,2.3649,3.4856,-5.5735,5.9846,2.9488,4.1203,3.0859
TCGA-60-2726-01,11.8052,6.5521,-2.1779,2.7572,3.5839,-6.5064,6.2409,4.2181,3.9089,1.7575
TCGA-39-5021-01,10.7332,8.2629,0.4657,2.1862,5.6303,-4.2934,5.6974,5.4732,3.9079,5.3810
TCGA-34-5929-01,9.6984,7.3246,-2.3884,2.4035,3.1311,-0.3201,6.1837,4.0251,3.7302,7.3024
TCGA-52-7809-01,9.9077,6.3505,-4.2934,2.7379,3.6335,-0.1031,5.3719,4.1579,3.6312,6.0356
TCGA-43-6773-01,8.3803,3.6838,-2.9324,3.1604,2.3843,-4.2934,5.6297,3.6961,3.2018,4.8069
TCGA-6A-AB49-01,9.8550,4.1094,-4.2934,2.7487,3.4384,-6.5064,5.3053,1.5064,2.6232,-0.8339
TCGA-37-3783-01,11.6098,1.8957,-1.5522,2.1574,2.6647,-1.4305,5.2472,1.9302,2.6138,3.5035
TCGA-33-AASJ-01,10.3228,7.2175,-0.9971,2.8260,3.6030,-0.6416,6.5027,2.4701,4.2320,2.9710
TCGA-85-8479-01,10.5104,3.0428,-1.9379,2.4117,3.0602,-9.9658,7.0345,2.7972,4.1002,2.8720
TCGA-85-8580-01,8.8483,7.8487,-1.9942,2.4035,3.7507,-2.3884,6.1183,4.3090,4.8625,6.2174
TCGA-63-7022-01,9.0301,4.9640,-0.9132,3.5098,2.5238,-4.2934,5.4084,4.9561,4.3667,4.9991
TCGA-18-3408-01,10.8226,7.6073,1.4441,2.8522,4.9472,-3.1714,6.1841,4.4894,3.9478,5.6750
TCGA-56-8626-01,8.6329,2.9148,-1.9942,3.7940,3.2282,-1.9942,5.5781,3.9060,4.6253,4.4169
TCGA-77-A5G8-01,9.6203,6.5785,-1.2142,1.8918,4.0610,-9.9658,6.6333,3.0481,3.8491,4.6583
TCGA-43-A56U-01,8.8542,3.2220,-2.7274,4.0748,2.6371,-1.7809,4.8555,4.0985,3.8370,3.5971
TCGA-43-5668-01,8.8890,-2.8262,-2.3147,2.9375,3.2602,0.2642,5.0045,3.8611,4.2510,5.6554
TCGA-85-7844-01,9.0853,7.1250,-0.6416,4.0722,3.7367,-2.3147,6.0144,3.7992,4.8924,5.0837
TCGA-77-8146-01,9.9413,5.3431,-3.6259,2.4008,3.5022,-2.7274,5.6963,3.3478,4.2250,5.6534
TCGA-39-5037-01,11.6197,8.2260,0.0990,2.1213,4.0419,-4.0350,7.3055,4.7762,2.8838,5.4542
TCGA-77-8148-01,8.5202,8.7123,-1.2142,1.4388,3.4291,-0.7834,6.2747,5.8939,4.2818,6.0685
TCGA-22-1016-01,9.5140,1.4494,-5.5735,3.0568,2.8076,-1.2142,4.5874,3.9755,4.3896,5.0497
TCGA-60-2695-01,10.1363,5.2231,1.9601,4.3463,4.2855,-1.8836,5.6921,5.6938,4.4074,4.1392
TCGA-18-3421-01,11.5290,4.4608,-1.3921,1.6830,2.9071,-2.5479,5.4233,2.6918,3.0481,5.0955
TCGA-85-8287-01,10.0234,1.9490,-3.3076,3.3689,3.5754,-2.8262,4.6905,4.9393,4.5784,5.2932
TCGA-56-6546-01,10.3455,6.6515,-2.1779,2.6019,3.3883,-3.4580,5.0009,6.0332,3.2752,5.5684
TCGA-68-8251-01,9.6745,4.8793,-1.0559,2.8779,3.3535,-3.6259,5.5373,3.8837,4.2404,2.8622
TCGA-43-A56V-01,10.1420,6.0756,-4.6082,2.8897,4.9942,-3.0469,5.0584,5.0409,4.0875,4.4257
TCGA-58-8388-01,9.3768,-0.0725,-2.0529,4.0739,2.7227,-3.6259,5.0206,7.6429,4.8905,3.6347
TCGA-18-4721-01,9.5798,7.0630,-2.1140,3.2359,3.8360,-2.1779,6.7451,4.6668,3.6657,5.5085
TCGA-56-A4BY-01,8.8973,7.2455,-2.5479,4.1359,4.3090,-1.3183,6.1239,3.9819,4.7882,4.3392
TCGA-37-4132-01,11.8913,5.6285,2.8137,2.4934,3.0411,-2.4659,5.0943,7.195,3.0376,4.4344
TCGA-66-2727-01,10.4889,5.9814,-0.4131,2.2813,3.8481,-3.4580,6.2265,3.6578,3.3278,5.1910
TCGA-18-3415-01,10.1767,6.5401,-1.7809,2.8522,3.2220,-6.5064,6.2585,3.3506,3.5510,5.3855
TCGA-34-5927-01,8.4170,6.8043,-0.9406,2.9300,3.8710,-0.3752,5.8422,5.9028,5.0930,3.3235
TCGA-22-5473-01,9.6884,6.6978,-2.2447,2.2391,4.4006,-2.5479,6.3507,3.9431,3.3689,2.7910
TCGA-O2-A52V-01,9.1886,6.4035,-2.2447,2.6302,3.8401,-3.3076,5.6209,3.6714,4.4764,4.9041
TCGA-22-1005-01,10.2375,1.7702,-0.4719,3.8136,2.3871,-1.7809,4.3378,3.3321,3.8421,4.3046
TCGA-60-2713-01,9.2834,7.4983,-1.3183,2.8858,3.5657,-4.6082,5.6041,5.9598,4.4588,3.3591
TCGA-85-8288-01,9.0912,4.6445,-1.8836,2.8076,3.2343,-4.0350,5.7353,4.8274,4.7329,3.1278
TCGA-66-2789-01,10.2478,5.0558,-2.2447,3.1458,3.6486,-2.3884,4.6668,5.8922,4.3506,4.5571
TCGA-85-8351-01,9.7647,3.1507,-4.0350,2.9071,3.2526,-2.3884,4.6882,3.1685,3.7094,5.5638
TCGA-56-7579-01,8.7613,6.9933,-2.4659,3.9137,3.0978,-9.9658,5.5808,5.3162,3.1458,3.7909
TCGA-77-8143-01,10.0501,4.9374,-5.5735,2.9948,3.0446,-4.2934,5.4030,2.7594,4.5355,2.1670
TCGA-18-3411-01,10.8516,6.4645,-2.2447,1.4704,3.1491,-5.5735,6.0505,3.5174,3.3032,2.2872
TCGA-39-5036-01,11.0321,6.0301,-3.1714,1.6512,3.6230,-4.0350,6.7820,2.3135,2.6487,2.0810
TCGA-33-4583-01,9.8031,5.8377,-1.6394,1.2333,3.1195,-6.5064,7.4102,1.5115,3.8915,6.3787
TCGA-85-A4JB-01,8.7912,4.1261,-1.8314,3.4933,2.9747,-5.5735,4.8520,4.6617,4.8968,3.2557
TCGA-60-2707-01,9.7155,3.1955,-2.1140,2.1080,3.5436,-4.2934,4.9746,4.0739,4.7704,4.1441
TCGA-56-6545-01,8.4282,4.6702,-1.9379,3.1145,4.2389,-3.1714,5.0189,4.2788,4.7571,5.9060
TCGA-O2-A5IB-01,7.9500,5.7989,1.5758,3.6347,4.0506,-2.9324,5.4555,5.7947,5.9458,5.7687
TCGA-34-8455-01,9.3030,4.9883,-2.1779,2.4035,2.8858,-3.1714,5.4236,3.3250,4.3097,4.3632
TCGA-22-5480-01,11.3984,4.2419,-2.1779,2.4386,2.7847,-2.8262,5.5726,5.6651,4.1612,6.5497
TCGA-56-7730-11,10.2449,2.6828,-3.1714,2.3953,2.9052,0.2642,5.2732,4.1708,3.9242,3.8808
TCGA-51-4081-01,8.9544,6.9964,-1.2481,2.7951,4.6719,-6.5064,6.4525,5.2623,4.3793,6.2229
TCGA-56-8503-01,9.5725,5.0387,-0.9686,2.5263,3.3492,-9.9658,5.0304,4.3841,4.5299,5.1182
TCGA-77-6843-01,9.7339,8.0701,2.0430,2.7183,4.6312,-1.2481,6.9865,5.7751,3.3828,6.3189
TCGA-94-7943-01,9.8878,3.7877,-1.6850,2.5996,3.4197,-4.0350,6.1488,5.0939,2.8096,6.5606
TCGA-92-7341-01,8.4190,7.4984,-3.3076,2.0289,4.4693,-9.9658,5.9794,4.3883,4.4290,2.2753
TCGA-46-3766-01,10.1717,4.2773,-1.4699,2.9281,3.3535,-1.5522,4.6023,4.4595,4.0833,4.7619
TCGA-33-4533-01,10.7615,7.0156,-2.7274,1.8801,3.2374,-0.5332,5.3324,6.4111,4.6445,2.1798
TCGA-60-2711-01,9.6513,7.6526,-2.2447,2.3898,3.6184,-6.5064,5.4784,4.1724,3.7741,2.5658
TCGA-46-3769-01,10.5999,0.8568,-1.9379,1.4228,3.4143,-6.5064,5.7225,3.9270,3.5766,2.6348
TCGA-90-6837-11,8.8550,-4.2934,-2.3884,2.9186,2.5900,-0.9971,4.9002,5.4819,3.5362,4.5650
TCGA-34-8456-01,9.6112,8.4176,-0.3383,3.7678,3.1765,-5.5735,6.2331,4.3385,4.1820,4.8017
TCGA-22-5474-01,8.9759,6.7822,0.2029,2.7051,3.9792,-5.0116,7.1232,4.8390,3.5535,5.8359
TCGA-18-4086-01,10.5691,6.0715,-0.2671,2.2723,3.7571,-9.9658,6.2042,3.6301,3.3675,3.2389
TCGA-56-8504-01,8.4812,5.7565,-1.0862,2.4857,3.9289,-6.5064,5.9062,3.5486,4.0189,5.8130
TCGA-66-2795-01,10.6856,6.1256,-1.6850,1.5514,3.1162,-3.0469,5.3370,4.5620,3.6113,5.1684
TCGA-60-2712-01,10.6178,2.3592,-1.5951,3.1797,3.1797,-4.2934,5.2215,3.9874,3.7138,3.8710
TCGA-63-A5MG-01,9.1388,4.6485,-2.4659,3.5779,3.2632,-4.0350,5.3650,3.2511,4.9270,4.9805
TCGA-52-7622-01,9.0541,7.3176,0.9115,2.5487,3.9810,-1.8314,6.2873,4.0985,4.1740,4.6177
TCGA-33-4547-01,9.5272,6.3592,-2.4659,3.0110,3.7083,-3.3076,5.3335,8.1306,4.4006,4.7840
TCGA-66-2800-01,10.1577,7.8704,-3.1714,1.9452,3.6417,-3.3076,6.7418,5.1543,3.4477,5.2107
TCGA-63-A5MI-01,9.6465,5.8756,-2.3147,3.4907,3.7475,-3.3076,5.4460,5.6262,3.0671,2.4597
TCGA-NK-A5CT-01,9.0297,3.0305,-2.9324,2.0673,2.9071,-4.6082,5.3470,0.9935,3.5887,3.8391
TCGA-43-8118-01,9.5131,5.8783,-3.3076,2.5112,3.5149,-2.4659,5.4132,3.6006,4.0260,4.5705
TCGA-21-1077-01,9.2690,7.7800,-0.9971,2.5011,3.7039,-2.8262,5.4793,4.5904,4.3148,2.6624
TCGA-18-3416-01,9.2482,6.4029,-0.4521,3.2900,3.3032,-6.5064,6.5435,3.0181,3.3619,3.2526
TCGA-O2-A52S-01,8.8795,7.4840,-2.3147,2.5634,3.4304,-6.5064,6.5587,3.4713,3.9127,5.3862
TCGA-77-7335-01,9.8837,7.0739,-0.9406,2.6161,3.6125,-6.5064,5.7247,4.4829,4.7426,4.8289
TCGA-51-4079-11,9.2226,-0.7834,-2.3884,2.6850,2.7227,-0.3022,4.7893,4.9991,3.7582,4.0901
TCGA-21-5783-01,9.3694,3.3745,-1.3183,2.9839,3.4331,-5.5735,4.5699,5.8027,4.1211,5.8038
TCGA-34-5236-01,9.4692,5.8934,-1.6394,2.0673,3.1829,-6.5064,5.5043,4.7603,4.5994,4.7033
TCGA-22-1011-01,9.0273,5.3274,-1.1172,3.7971,3.4075,-4.2934,5.3381,3.2587,4.5392,4.9203
TCGA-63-A5MU-01,10.4298,6.2171,-1.8314,1.9377,2.8681,-9.9658,6.0976,3.7836,3.5312,4.8048
TCGA-O2-A52W-01,9.6097,6.4103,-2.3884,2.8280,4.3744,-2.3147,5.7230,6.3735,3.7877,5.4118
TCGA-21-1075-01,11.5006,7.6011,-0.1665,2.2960,4.1652,-3.6259,6.3151,2.9839,3.1572,1.9822
TCGA-56-7582-01,9.9797,6.4632,-1.3548,2.0638,3.8973,-2.6349,6.5534,3.6405,4.1219,2.7444
TCGA-85-6560-01,9.8962,0.9935,-1.4305,3.7982,6.5741,-1.7322,5.1408,7.3063,3.0533,5.7159
TCGA-46-6026-01,11.2381,7.6762,-1.9942,2.8076,3.3250,-3.8160,5.2732,4.2899,2.2019,5.7407
TCGA-22-5477-01,8.7334,8.3634,0.9038,3.3163,5.5264,-2.3884,7.0318,4.8515,4.1482,5.8240
TCGA-66-2753-01,10.0799,4.5583,-1.8314,2.7700,3.6018,-2.5479,4.6866,6.1787,3.8023,3.6486
TCGA-21-1079-01,8.7232,1.7786,-1.9379,2.5756,3.1062,-9.9658,5.3779,3.9920,3.9459,4.9951
TCGA-85-8664-01,10.0079,5.6778,-2.9324,1.9786,2.8442,-6.5064,5.4436,7.0432,3.5349,5.4155
TCGA-NC-A5HJ-01,9.7254,3.7909,-2.8262,3.0619,3.5584,-1.2481,5.3338,3.8837,4.3413,3.3105
TCGA-70-6723-01,7.9764,6.9548,-2.4659,2.6185,3.7909,-9.9658,7.0256,3.3869,4.0875,3.2435
TCGA-66-2763-01,10.0244,5.5735,-1.3183,2.4008,4.0782,-3.8160,5.8980,3.5510,3.4237,5.7415
TCGA-68-A59I-01,8.7181,5.5432,-1.5105,3.6382,3.8289,-4.6082,4.6804,5.6991,4.5398,4.0541
TCGA-22-5481-01,10.8167,-1.9379,-0.8084,3.1620,3.1145,-3.4580,5.5738,2.9710,3.9147,6.3818
TCGA-85-A511-01,8.8812,6.7336,-1.3183,3.3177,4.8269,-6.5064,5.9878,4.5820,4.7274,5.4944
TCGA-63-A5MH-01,10.8075,3.4894,-2.8262,2.5263,3.0740,-5.0116,5.8924,6.3237,5.8392,5.4367
TCGA-22-4609-11,9.0975,-1.1172,-1.4699,2.7183,3.1829,0.8805,4.5261,4.3031,3.6289,3.7378
TCGA-66-2769-01,10.1446,1.9188,-3.0469,2.3871,4.2119,-2.6349,4.6736,4.9887,4.0610,5.7908
TCGA-56-8082-11,9.1072,0.5859,-2.0529,3.1572,3.5935,-1.1172,4.4370,5.2365,4.8802,3.8847
TCGA-77-7338-01,9.6414,6.6094,-2.8262,2.3423,4.3220,-2.7274,6.3676,3.2692,5.1359,4.7485
TCGA-51-6867-01,9.7724,7.5339,-0.1504,2.8819,4.5844,-4.6082,5.9709,3.6589,3.8013,5.0414
TCGA-63-A5MR-01,8.9230,5.5367,-4.0350,2.7183,3.5718,-4.2934,4.8837,2.5658,4.5436,3.9327
TCGA-56-8083-11,9.1089,-1.9942,-0.6643,2.5413,2.7357,-1.2481,4.9463,4.9855,3.3163,3.5706
TCGA-43-7657-11,9.5157,2.2082,-1.9379,2.7721,2.8542,-0.1187,4.8630,4.9463,3.8601,4.1986
TCGA-22-0944-01,11.2072,6.4861,-2.9324,2.5213,3.8630,-4.6082,5.9750,2.4386,3.0688,5.3136
TCGA-85-8049-01,9.4692,5.7377,-2.5479,2.7951,3.5098,-2.1140,5.8924,4.5565,4.6747,4.7746
TCGA-56-7731-11,9.2156,-1.1172,-2.4659,2.4727,3.3192,-1.4699,5.0286,4.5367,4.2227,3.9496
TCGA-77-8156-01,8.7557,7.5853,-1.7322,2.1606,4.0375,-6.5064,6.1258,4.8177,4.0233,5.5123
TCGA-77-8153-01,8.0724,7.7117,-1.9379,2.4144,3.5187,-6.5064,6.6865,4.4115,3.7857,4.2450
TCGA-22-5482-11,9.5242,0.9038,-0.4521,2.6873,3.0515,-0.7346,4.7571,5.0405,3.8269,4.3292
TCGA-98-A53C-01,9.9626,0.4967,-3.4580,3.4958,3.1112,-1.7322,4.8074,4.9964,4.2646,3.9865
TCGA-90-7964-01,9.2546,4.5952,-1.8836,2.0604,2.9262,-2.4659,5.7774,2.8502,3.9412,2.2452
TCGA-58-8393-01,8.6018,5.6082,-2.1779,2.6783,3.3393,-3.6259,6.2438,2.9802,4.0549,5.1157
TCGA-85-8352-01,9.7261,7.7262,-1.8836,2.0912,3.0585,-0.5756,5.1449,4.1740,1.4281,1.6920
TCGA-77-A5GF-01,9.9364,7.4858,0.0580,2.8422,3.5935,-9.9658,6.9975,4.1555,3.5742,6.3313
TCGA-21-1080-01,10.0112,3.6759,-3.3076,2.0810,3.2870,-6.5064,5.3459,2.5061,4.2025,5.0304
TCGA-66-2755-01,10.6875,4.9824,-0.3201,2.0111,2.9948,-6.5064,6.1133,4.3597,3.0876,6.7307
TCGA-O2-A52N-01,10.0321,3.1939,-2.9324,2.7847,2.9655,-5.0116,5.0126,2.6278,5.2877,3.9728
TCGA-43-2578-01,8.7359,6.1029,0.0440,2.4063,3.7432,-1.9379,5.4486,7.2194,4.4006,4.4569
TCGA-33-6738-01,8.7414,6.1887,-3.8160,3.2811,3.5124,-5.5735,6.2081,6.0477,4.2669,1.9822
TCGA-63-A5MP-01,9.7333,7.3728,-1.4699,2.9820,5.3313,-3.6259,5.5370,4.6977,3.5187,2.8974
TCGA-33-4589-01,12.0214,1.4600,-5.5735,0.8164,2.6940,-9.9658,5.4387,-1.1172,1.3283,0.4967
TCGA-34-8454-11,9.8579,-0.5973,-5.0116,2.6940,2.7314,-0.8339,4.8555,5.2461,3.5449,4.0046
TCGA-56-8309-01,9.0147,5.0440,-0.8084,3.5657,3.1620,-3.4580,6.0936,3.8187,3.6006,5.0140
TCGA-21-1078-01,10.9009,-2.2447,-3.1714,2.5137,3.3206,-2.1779,5.5485,0.3685,4.2358,6.1088
TCGA-22-5481-11,10.0903,0.9268,-2.9324,2.4332,2.8034,-0.7346,5.1449,4.5547,3.7464,4.0549
TCGA-34-2600-01,9.4557,5.5126,-4.0350,2.0844,3.4517,-0.7834,5.8975,1.5758,3.9060,5.5787
TCGA-77-8138-01,8.6594,3.4007,-2.9324,2.1345,3.9552,-3.4580,4.4297,3.3407,4.0713,5.3643
TCGA-66-2765-01,9.2560,3.5161,-3.4580,1.5661,2.2330,-5.0116,5.5604,2.2663,3.1701,3.1212
TCGA-43-6647-11,8.8635,-1.2481,-1.5951,2.4465,3.1409,0.0440,4.7955,5.2262,3.9524,4.0824
TCGA-56-7730-01,9.3096,8.6505,-3.3076,2.9562,3.8837,-5.0116,6.7604,5.1119,4.1061,5.6127
TCGA-63-A5MT-01,9.8605,3.2959,-4.6082,2.3337,2.9148,-6.5064,5.6832,4.2973,3.8054,2.5634
TCGA-22-5492-01,8.7077,4.9416,-1.2481,2.9929,3.5621,-3.4580,4.7198,4.3632,4.2009,3.2617
TCGA-34-5239-01,9.6103,4.2434,-1.4305,2.8602,3.4804,-4.0350,5.4935,5.5485,4.7507,4.1086
TCGA-NC-A5HD-01,10.4456,6.7714,-3.1714,3.1045,3.1813,-9.9658,6.0081,6.0557,2.2872,5.0905
TCGA-63-A5M9-01,10.0233,7.8669,-1.9379,3.2707,4.6730,-3.6259,6.9220,6.1665,3.4129,4.3227
TCGA-85-8048-01,8.9327,5.3067,-3.8160,3.0550,3.5473,-2.4659,5.6378,5.5364,4.0260,4.0136
TCGA-NC-A5HK-01,9.4260,-3.4580,-3.0469,2.6624,3.6578,-9.9658,5.4954,5.6857,3.5399,5.0471
TCGA-66-2766-01,10.9849,5.9706,-2.1140,2.4518,3.1781,-4.6082,6.8381,2.8760,2.3649,4.9874
TCGA-56-8622-01,9.2811,1.6875,-2.4659,2.7227,2.6208,-3.1714,5.4532,3.7280,5.3830,3.8719
TCGA-85-7950-01,9.1367,5.9775,-0.6643,2.6873,3.8581,-4.6082,6.0674,4.3924,3.7280,7.1441
TCGA-NC-A5HG-01,9.3026,1.9895,-4.2934,2.9544,3.2796,-9.9658,5.2593,1.5115,3.2557,4.8739
TCGA-56-8623-01,10.2081,2.6043,-2.1779,2.5338,2.8076,-0.3566,4.7340,4.2548,4.1986,3.5596
TCGA-34-A5IX-01,9.6275,3.1653,-2.3147,2.1925,2.0878,-4.0350,6.0894,3.0654,3.2677,4.5386
TCGA-77-8009-01,7.9883,7.5056,0.7321,1.5366,3.2796,-5.0116,8.7639,3.3842,4.1780,5.3622
TCGA-39-5019-01,9.8489,7.3389,-1.4699,2.6828,4.1359,-3.6259,5.2064,5.4016,3.6382,2.8701
TCGA-22-5489-11,9.6089,2.6114,-2.1140,2.4492,2.3898,-0.4521,4.9892,4.6000,3.9552,4.5994
TCGA-94-8490-01,8.2512,7.0598,-2.9324,1.7141,3.4596,-3.3076,6.5626,3.1079,4.1836,1.9931
TCGA-85-7697-01,8.7888,6.0775,-1.7809,2.6208,4.0055,-2.4659,5.7101,4.0532,4.1946,4.5705
TCGA-51-4080-01,12.2748,7.6304,-3.1714,2.4008,3.5136,-6.5064,6.3822,1.2147,3.2900,5.1388
TCGA-60-2710-01,8.1698,7.1516,-1.7322,3.2752,3.8002,-2.6349,6.4962,4.8949,4.2958,5.6317
TCGA-58-8392-01,8.5708,8.0752,-3.4580,2.4675,3.9440,-3.4580,6.6410,2.4831,3.1971,5.3775
TCGA-18-3407-01,9.2508,6.3987,-2.3147,2.6418,2.9128,-4.0350,6.9901,2.9375,4.5028,2.9929
TCGA-LA-A446-01,9.5035,6.5990,-2.7274,2.4063,4.4081,-3.3076,6.9059,3.6219,3.0498,4.5318
TCGA-96-8169-01,8.7506,3.8431,-2.9324,3.0287,3.0825,-2.7274,5.0343,3.8167,4.6165,3.5584
TCGA-34-5241-01,10.1938,4.9160,-2.9324,1.8957,3.9079,-4.0350,5.0833,3.8044,3.3464,3.0515
TCGA-77-7140-01,10.5471,7.0009,-1.8314,1.3511,4.0790,-6.5064,6.1683,3.3800,3.3759,5.9973
TCGA-18-3417-01,10.2166,3.9938,-0.7108,1.0983,3.2220,-9.9658,4.5808,4.1796,3.6347,3.1491
TCGA-85-8355-01,9.5134,6.6655,-3.0469,3.3591,3.8905,-4.0350,5.2327,4.1563,3.7149,5.0588
TCGA-85-7710-11,9.9584,1.1050,-3.6259,3.2002,3.2900,-0.2159,4.7913,4.4397,3.7561,4.6451
TCGA-18-3419-01,9.6175,4.9036,-3.0469,2.9948,3.7625,-6.5064,5.5466,1.4962,4.4476,4.1078
TCGA-94-7033-01,9.2894,5.3827,-3.0469,2.1798,2.2693,-4.0350,6.6440,3.0145,3.5073,5.2292
TCGA-39-5022-01,8.8068,5.2208,-0.0130,3.4129,3.1011,-3.8160,5.8082,4.2343,4.0462,3.7971
TCGA-39-5030-01,9.4198,4.3625,-0.3383,3.5436,2.6371,-4.0350,5.5043,5.6349,4.0558,3.8054
TCGA-85-8276-01,9.3310,7.1976,-2.3147,3.0358,3.0110,-1.7809,5.1437,7.6349,4.3364,5.0005
TCGA-22-5479-01,9.5960,6.6301,-5.5735,2.5112,3.3605,-3.3076,6.5938,3.5436,3.8157,2.8799
TCGA-66-2773-01,9.9086,5.8314,-2.2447,2.4985,3.5387,-3.3076,5.6907,3.7215,4.0884,4.0233
TCGA-22-5472-11,9.3068,1.3225,-2.9324,2.6693,3.2389,0.3685,4.7220,5.1962,4.4047,4.4061
TCGA-22-4607-01,10.3081,4.7877,-1.2142,1.6187,2.9802,-6.5064,7.1278,2.7117,3.5161,5.1784
TCGA-39-5040-01,9.0356,-0.2498,-4.0350,3.2205,4.4223,0.9493,4.2840,5.2586,4.3256,3.3506
TCGA-96-7544-01,10.1031,6.3209,-2.4659,2.9893,4.3931,-2.8262,5.2858,4.3285,5.2928,4.9805
TCGA-98-A53I-01,8.8176,7.6397,-1.2828,2.7551,3.3192,-5.5735,6.9240,4.5820,4.2126,3.7006
TCGA-92-7340-01,9.3396,5.6401,-2.1140,2.5061,3.4237,-4.6082,5.6384,4.3009,4.8802,3.5337
TCGA-60-2706-01,9.0529,6.0577,-2.7274,3.3492,5.3768,-1.1488,6.0184,8.4106,5.1704,2.8602
TCGA-63-5131-01,9.2659,6.1577,-5.5735,2.3981,3.7709,-3.1714,5.3615,4.9208,3.6748,5.0993
TCGA-85-8070-01,11.2021,7.4778,-2.6349,2.3677,4.1891,-3.6259,5.8450,6.5983,4.5638,2.5683
TCGA-L3-A4E7-01,8.8114,6.2750,-0.6873,2.9375,3.0393,-3.3076,5.5577,2.9562,4.3653,4.7181
TCGA-60-2720-01,11.3256,1.3454,-1.2828,1.6964,2.9765,-2.1779,5.6756,2.6738,3.6207,5.1023
TCGA-56-8083-01,8.0845,4.3917,0.4447,1.9638,3.3264,-1.3921,4.6674,6.4323,4.7181,4.3206
TCGA-94-8035-01,9.2842,6.3709,-2.9324,2.4857,3.1987,-2.6349,6.3630,1.9149,4.0348,5.5961
TCGA-34-5231-01,9.0012,6.9300,-2.0529,2.7889,3.8461,0.5568,6.1239,2.7784,3.9506,2.7161
TCGA-33-4587-01,9.3995,4.7263,-1.4305,4.1986,3.6816,-3.0469,5.2365,4.8630,5.0418,7.0855
TCGA-85-A510-01,9.3192,6.2717,-3.6259,3.0568,3.8847,-3.0469,5.2873,5.2540,3.9478,5.2400
TCGA-37-A5EN-01,10.9334,8.7738,0.3907,3.0110,4.0383,-5.5735,5.7952,6.7803,4.8510,4.9050
TCGA-94-A5I4-01,9.3126,7.5228,-1.6394,2.4727,5.0657,-3.8160,6.0822,3.0706,3.3148,2.6464
TCGA-43-6143-01,8.8712,4.6059,-1.4699,4.7793,3.4609,-3.6259,5.8783,3.5535,4.6171,5.8664
TCGA-66-2778-01,11.7945,5.6966,-4.6082,1.2636,3.2557,-4.2934,5.8071,0.6332,2.3649,2.0912
TCGA-22-0940-01,10.4648,3.0944,-1.8314,2.6067,3.4907,-4.2934,4.9137,3.3293,3.8769,3.6148
TCGA-63-7020-01,8.2546,5.3827,-4.2934,2.4701,3.4569,-3.0469,5.3274,4.0584,3.7593,4.6065
TCGA-NC-A5HQ-01,9.5852,6.4766,-3.0469,3.3577,4.0225,-4.2934,5.6562,2.5061,3.8208,4.4263
TCGA-96-7545-01,10.2543,6.5932,-2.5479,2.5900,4.2396,-1.6394,5.9729,4.3097,4.2965,4.9640
TCGA-66-2791-01,9.7133,6.4211,0.5763,2.8055,3.2174,-2.5479,6.4286,3.4183,3.6961,5.2052
TCGA-66-2788-01,9.1264,4.2609,-1.9942,2.9784,3.3435,-4.6082,4.4562,4.1425,4.1660,3.1733
TCGA-22-5483-01,9.7134,5.7323,2.3337,2.1670,3.6335,-1.7809,7.0448,8.0571,3.7614,3.3235
TCGA-21-5787-01,10.1282,-1.7322,-2.5479,1.9415,2.9052,-4.2934,5.3082,2.4279,3.5073,5.0304
TCGA-68-7756-01,8.9376,5.4806,-3.1714,2.4831,3.2766,-3.0469,5.5160,3.3549,4.0773,3.1129
TCGA-92-8064-01,9.3914,7.4101,-1.3183,3.1892,3.8660,-9.9658,6.7723,3.0688,4.3456,4.6960
TCGA-79-5596-01,8.5157,7.5947,-5.0116,3.5982,3.2466,-3.6259,6.1067,3.8837,4.2304,2.7379
TCGA-77-8133-01,8.8971,8.0954,-0.9971,2.4332,4.2958,-5.0116,5.9298,4.7410,4.4169,5.1631
TCGA-43-7658-01,9.5435,5.9006,-4.0350,2.3649,4.1153,-5.5735,5.9079,4.0216,5.2099,6.9520
TCGA-66-2787-01,10.0861,7.2786,-0.2328,2.8760,4.4887,-5.0116,6.9194,4.0295,3.6230,2.6828
TCGA-90-7767-11,10.2347,1.7786,-2.9324,2.7227,3.2481,0.0158,4.7501,4.7350,4.4297,3.9515
TCGA-51-4081-11,8.8893,0.0990,-4.2934,2.9820,2.6232,-1.3183,4.6224,4.8319,4.2862,3.9728
TCGA-66-2737-01,9.8144,5.9864,-0.5332,2.5011,3.3017,-3.8160,6.0637,4.7055,4.3335,5.7247
TCGA-56-8628-01,9.2286,6.5696,-0.9132,3.4791,3.4635,-2.7274,5.2936,6.4120,5.2586,3.6335
TCGA-68-7755-01,9.6268,7.3850,-1.5105,2.3704,3.7752,-5.0116,6.7212,4.5123,4.2204,2.3280
TCGA-77-6844-01,9.3973,6.1548,-3.6259,3.5706,3.4752,-4.6082,6.1125,3.4958,4.3800,2.6962
