sample,ENSG00000145041.15,ENSG00000136997.14,ENSG00000139687.13,ENSG00000171862.9,ENSG00000169083.15,ENSG00000157557.11,ENSG00000157554.18,ENSG00000134954.14,ENSG00000141510.15
TCGA-EJ-7125-01,3.3591,6.2283,4.1376,4.5217,5.0828,4.1169,1.3109,3.4007,4.6183
TCGA-KK-A7B3-01,2.8720,4.7274,3.0110,2.4412,3.8350,4.0216,1.6281,3.1540,5.4864
TCGA-ZG-A8QW-01,2.8137,5.9191,3.1377,2.9948,3.2900,4.4556,1.4388,2.8542,4.9435
TCGA-J4-A83K-01,3.2496,6.4463,3.2435,4.0225,4.0028,4.1069,6.7621,2.5828,5.0237
TCGA-G9-6379-01,1.7995,3.8461,0.8408,3.1939,2.7205,4.3413,0.4552,2.1476,4.3198
TCGA-HC-7742-01,3.2617,4.1644,3.9663,3.1987,4.2274,3.8471,1.4547,3.2617,2.7763
TCGA-HC-A8D0-01,3.2572,6.4671,3.3293,3.8187,3.4437,4.6776,5.6985,3.3731,4.6849
TCGA-EJ-7315-11,3.4075,4.7071,4.5880,5.2947,4.6023,5.7666,3.1228,5.6375,4.8689
TCGA-J9-A8CK-01,2.9413,6.2825,2.4960,4.3597,3.2112,5.3622,7.6225,2.9394,4.5173
TCGA-VP-A879-01,3.1426,4.5547,3.3521,3.9337,3.9626,4.4958,6.1633,2.7249,4.6433
TCGA-CH-5751-01,3.8147,7.2637,3.9561,5.1692,5.5614,4.0575,2.3077,5.4213,3.9910
TCGA-HC-8265-01,3.12226221344,4.95953678443,3.67630411508,6.02686400994,5.45925793269,3.67519044093,1.15120673364,4.3265670515,4.27335991072
TCGA-EJ-A8FP-01,3.0876,4.4790,3.3828,4.2578,3.8551,5.6502,1.9111,4.0109,4.3249
TCGA-EJ-8468-01,3.5086,4.5136,4.4384,4.6212,4.8370,4.8115,2.1670,4.0790,3.8650
TCGA-G9-6333-01,3.1507,5.2373,3.3264,3.7909,4.0019,4.9887,0.4340,2.8897,4.3249
TCGA-G9-6498-01,2.3592,4.6323,2.1894,4.6077,2.6918,5.6308,1.2147,3.5224,4.9796
TCGA-ZG-A9L1-01,2.9674,5.6247,3.2267,3.7550,4.2389,3.3421,6.8430,3.0723,4.5274
TCGA-EJ-7218-01,2.9765,5.7428,2.8858,3.9819,3.9580,2.7139,0.4125,1.8643,4.7866
TCGA-ZG-A9L5-01,3.1797,5.4179,2.7314,4.2289,5.1073,2.5112,0.3685,2.6940,4.4516
TCGA-XK-AAJT-01,2.8819,4.4726,2.9710,3.9691,3.3675,5.0592,2.0147,3.2632,4.4667
TCGA-ZG-A9MC-01,3.0978,5.6393,3.9719,3.6894,4.5386,5.5726,4.7448,4.8798,5.4087
TCGA-EJ-7794-11,3.4700,5.2208,4.3688,4.9486,4.4562,6.3315,2.9692,4.9635,4.6617
TCGA-G9-7509-01,3.2796,5.0166,3.0110,4.2088,4.1458,4.1867,6.6918,2.8502,4.5148
TCGA-QU-A6IL-01,1.7702,4.5565,1.0079,3.6950,2.9356,3.2267,0.0158,0.7832,4.3618
TCGA-V1-A9Z7-01,3.0092,7.1811,3.3047,4.6628,4.6793,3.9847,1.7995,3.1844,2.4649
TCGA-CH-5771-01,3.2557,5.2327,3.3350,4.5946,4.2840,5.0653,2.0912,3.6883,4.9045
TCGA-HC-7752-01,1.4859,3.6950,1.4704,3.2034,2.8582,2.0218,0.1648,0.9493,4.6000
TCGA-EJ-A7NJ-01,3.1409,3.3293,3.5633,3.7656,4.2684,4.3068,0.6969,2.9167,4.2877
TCGA-HC-8261-01,3.49195119543,5.1231421475,3.21167384123,5.62721158492,5.34165789889,3.80266619909,1.43703566006,3.43664062318,4.05230062209
TCGA-CH-5745-01,3.0791,6.1424,3.7127,4.3889,4.1684,4.8495,1.5854,3.8269,5.0471
TCGA-YL-A8HM-01,3.4517,6.7258,2.5036,4.1820,4.6335,1.9859,0.2881,2.8482,4.8177
TCGA-J9-A8CP-01,3.0038,5.5647,2.6918,3.9403,3.8798,5.1006,2.9281,4.2396,4.2366
TCGA-V1-A8WS-01,2.7530,5.5454,3.7291,4.1780,3.7302,4.9681,6.4516,2.7487,5.1465
TCGA-HC-A8D1-01,3.2496,6.2836,3.5009,4.1490,3.9185,5.2177,6.0966,3.5237,4.6949
TCGA-XQ-A8TB-01,3.2557,6.6185,3.7105,3.6589,3.5730,4.5098,6.6227,3.3535,4.3951
TCGA-HC-A6HY-01,2.8641,5.0131,2.6850,4.1788,3.6804,3.1669,6.7116,1.3051,4.8084
TCGA-G9-6363-11,3.2435,4.4423,3.7571,3.1261,3.8521,4.4503,4.5675,3.1327,5.3650
TCGA-HC-8262-01,3.2420,5.8866,3.6184,4.0816,4.1708,4.6594,6.0860,2.7336,5.0014
TCGA-EJ-5515-01,3.1781,3.5584,4.2358,4.6770,4.8079,4.1244,0.7146,3.0463,4.0705
TCGA-G9-6385-01,3.1507,3.9002,3.5875,3.9156,4.0207,4.7049,4.4483,2.4035,4.9924
TCGA-HC-A632-01,3.3293,5.4832,4.1078,4.9026,3.4088,3.5124,6.6411,4.3876,4.9814
TCGA-KC-A7FD-01,3.2049,5.7269,3.8591,4.2274,3.9270,3.8116,0.4552,2.6962,5.6404
TCGA-G9-6367-01,3.1860,3.4264,3.1507,4.1780,4.4243,4.9996,0.1903,2.8974,4.1069
TCGA-G9-6342-01,3.1523,5.7304,3.6018,2.7679,4.0046,4.5429,6.9820,3.3787,4.9778
TCGA-KK-A7AQ-01,2.3106,4.4067,1.7702,3.6277,4.1400,4.1252,0.8408,2.1444,4.5255
TCGA-EJ-7125-11,2.1313,3.5911,4.0340,4.5318,3.1797,3.8116,0.6050,2.2299,3.8837
TCGA-KK-A8I8-01,3.4237,6.5306,3.0637,4.0977,4.3039,3.9920,6.0805,2.7742,4.8954
TCGA-FC-7961-01,3.5694,4.2691,3.3119,3.6054,4.4887,4.3917,1.7403,3.4868,4.7127
TCGA-KK-A8I4-01,2.9600,5.7418,3.5959,4.1604,3.2143,5.8687,5.5928,4.8924,5.0081
TCGA-EJ-7789-01,3.5851,5.6144,3.0619,4.3477,5.2784,2.3620,1.5013,2.6185,4.8778
TCGA-G9-A9S7-01,2.9875,4.4006,3.1145,4.6944,3.8157,3.5803,6.9264,2.0810,4.3053
TCGA-ZG-A9M4-01,3.5608,3.7149,3.7378,4.3772,5.0790,3.8749,1.5266,3.6113,2.8137
TCGA-HC-7210-01,3.2752,5.8235,3.5694,4.3688,4.8048,5.3671,2.2452,4.3992,4.5460
TCGA-EJ-7797-11,2.7249,3.8228,4.0688,4.6358,3.8640,5.0352,1.9149,3.5035,4.1883
TCGA-EJ-7782-01,3.5875,4.9294,3.5584,4.6821,5.3751,3.3993,1.8201,3.8973,4.6988
TCGA-HC-A8CY-01,3.1212,5.2083,3.3689,4.2654,4.3392,2.5388,-0.1828,2.4960,1.2576
TCGA-EJ-7786-11,3.1971,5.5662,4.2465,5.2335,4.8033,6.2163,2.8280,4.6195,4.4310
TCGA-KK-A8II-01,3.7582,5.5919,3.3619,4.3944,4.3855,2.9692,6.8785,2.7007,4.2862
TCGA-EJ-5542-01,3.5706,5.5898,4.5650,3.6195,4.7394,4.1604,6.8468,3.9819,5.4353
TCGA-V1-A8MU-01,3.1145,4.9241,3.3105,4.1343,3.4251,5.1651,2.3788,4.0497,4.4654
TCGA-YL-A8HJ-01,3.0074,5.9186,3.3647,4.5442,3.6089,4.8827,7.3051,4.0969,4.3456
TCGA-G9-6329-01,2.8877,4.1875,2.6348,4.5021,3.5875,5.2536,7.7041,2.9911,4.8744
TCGA-J4-A67O-01,1.7954,4.2601,0.7058,3.9175,2.6510,3.6266,4.3470,1.4494,3.3883
TCGA-V1-A9OQ-01,2.5948,5.1518,2.1013,4.1939,3.0568,3.6635,1.6234,2.7401,4.2389
TCGA-ZG-A9LU-01,2.9052,4.3371,2.2299,4.0313,3.4061,4.9065,0.4125,2.3077,3.8461
TCGA-J4-A67Q-01,1.9452,4.3378,1.3623,3.7571,2.7951,4.1474,0.6239,1.4120,4.2320
TCGA-HC-A76X-01,3.3364,6.0583,3.4358,4.1086,4.0679,2.1798,6.9067,1.7617,5.6577
TCGA-QU-A6IP-01,2.5924,5.3650,2.9432,3.5374,3.8249,3.9270,6.2825,1.9564,4.9621
TCGA-V1-A9O9-01,3.2602,5.3377,3.0825,3.6725,3.9645,4.2056,7.1823,4.8851,3.9774
TCGA-XK-AAJA-01,3.0127,4.9397,2.6161,4.3002,4.3869,4.0082,0.6050,2.5996,4.6159
TCGA-EJ-A8FO-01,3.1813,4.2320,3.5971,4.2227,3.9874,4.4377,5.6262,3.3076,4.0225
TCGA-J4-A83I-01,3.3883,6.2128,2.7826,5.2747,4.1302,3.7127,7.0361,3.6277,4.1011
TCGA-HI-7169-01,1.4704,2.5363,1.6374,3.7667,2.5511,3.8002,4.1111,1.5316,4.2556
TCGA-J4-A67L-01,2.0946,4.0670,1.8484,4.1318,2.9148,3.6543,4.6662,2.0604,3.7291
TCGA-G9-6351-11,3.0688,3.7028,3.0074,4.0278,3.8177,5.5454,3.5047,2.7551,4.4033
TCGA-EJ-7115-01,3.1228,5.2377,3.3605,4.5626,4.2721,4.6306,1.8444,3.5098,4.9874
TCGA-XQ-A8TA-01,3.1653,7.7758,2.7314,3.8370,7.4538,5.9771,-0.3022,1.3623,5.4202
TCGA-G9-6499-11,3.0181,5.4407,3.5136,4.2526,3.5274,5.1684,0.3115,2.7007,4.7110
TCGA-G9-6365-11,2.7910,5.6801,2.7826,4.0549,2.9911,6.0959,-0.9971,2.2452,4.4977
TCGA-HC-7230-01,3.7940,6.0255,3.8827,3.3061,4.7437,3.8660,6.7714,3.1813,5.0131
TCGA-HC-A6AL-01,2.1798,5.2795,1.7532,3.6125,3.5706,3.3966,0.2154,1.6140,4.5161
TCGA-V1-A9O7-01,2.9300,6.7770,3.0110,4.4582,4.0884,6.2474,2.1345,3.8700,4.2921
TCGA-YL-A8SF-01,3.0376,6.8514,2.8422,3.4088,3.8401,3.2080,6.9197,2.4649,4.4250
TCGA-EJ-5516-01,3.5559,5.5796,4.2795,4.1019,4.8156,5.3541,7.2170,4.8197,4.5589
TCGA-G9-6348-01,3.0550,5.8148,2.8838,3.5863,3.4088,6.6914,1.7097,3.8259,4.9050
TCGA-ZG-A9LM-01,2.6602,4.0782,2.9839,2.7508,3.8788,3.8788,0.5763,2.0500,4.6502
TCGA-ZG-A9LY-01,3.1523,4.9137,3.2205,3.9929,3.2236,4.4067,1.7403,3.6101,4.7997
TCGA-HC-7740-01,3.4441580128,5.10490762584,3.81498942246,6.0577912064,5.22617460308,5.66504769257,2.57471353183,4.73469398315,4.31671151701
TCGA-G9-6343-01,2.3677,3.8044,1.8762,3.8116,3.4843,3.2885,0.0718,1.5563,4.3632
TCGA-VP-A87B-01,2.8117,5.7716,2.3704,4.3702,4.6387,3.7226,1.1184,2.1114,4.3992
TCGA-CH-5792-01,3.4034,5.7727,3.5473,4.2465,4.3053,4.8724,2.1798,4.1145,4.9561
TCGA-HC-7737-11,2.9562,3.8719,3.8044,4.1294,4.4945,4.7592,0.8805,3.0393,3.8401
TCGA-TP-A8TV-01,2.8622,5.2732,2.4306,4.8187,4.7835,2.5996,0.4552,1.8444,4.7143
TCGA-J4-A83N-01,2.9692,6.8025,3.0217,3.8380,3.8601,3.9792,5.9393,2.3106,4.7565
TCGA-G9-6496-01,2.2783,3.6148,3.2313,4.2495,3.8808,3.6916,0.9935,2.3479,5.4426
TCGA-V1-A8WV-01,3.0568,4.5009,2.7700,5.1780,3.3787,6.4666,1.9188,3.8857,4.7793
TCGA-H9-7775-01,3.3842,6.0288,3.1278,4.4523,4.5663,4.5136,1.2147,3.1765,4.8645
TCGA-G9-6339-01,2.6510,4.9575,3.0002,2.9090,3.1079,5.1740,1.0711,2.3564,4.3758
TCGA-EJ-7317-01,3.0910,4.5681,3.3003,3.9673,4.4047,3.2811,0.7407,2.5924,4.5940
TCGA-VN-A88Q-01,3.5584,5.5515,3.2313,1.9415,3.7656,4.6294,6.2005,3.1924,4.7016
TCGA-V1-A9ZK-01,3.4504,4.4868,3.4088,3.8759,4.4210,4.7242,1.4756,3.0706,4.5374
TCGA-CH-5765-01,3.5086,6.1571,3.4881,4.5167,4.4013,3.9856,7.3885,2.8661,5.0721
TCGA-G9-6377-01,3.1426,5.5925,3.0774,4.2442,3.6532,5.1457,5.2223,3.5669,4.6502
TCGA-EJ-5511-01,3.5161,6.7766,3.5682,4.8827,4.5034,3.7518,1.6281,3.6324,5.1950
TCGA-EJ-7328-11,3.3591,5.2631,3.8300,5.1211,4.5230,6.0237,2.4779,4.5224,4.1780
TCGA-CH-5788-01,3.5839,7.7440,3.2870,6.5005,5.1819,3.7709,0.1648,1.7786,4.6491
TCGA-EJ-A65E-01,3.0619,4.0153,3.6939,4.4344,4.1954,4.4516,-0.1031,2.5188,4.4344
TCGA-G9-6336-01,2.9224,4.6271,3.0127,4.0670,3.4661,5.4702,4.5528,2.3106,4.9584
TCGA-EJ-7317-11,3.3717,3.7105,4.0645,4.4310,4.6451,4.7082,1.5514,3.2251,4.2173
TCGA-V1-A8MG-01,3.0927,5.7921,2.9356,4.2488,4.7528,4.3702,1.7053,3.4358,4.6832
TCGA-HC-7818-01,3.3221,5.6002,3.8330,4.5002,4.2578,4.6531,4.6759,3.0637,5.0000
TCGA-SU-A7E7-01,3.2205,6.2544,3.5362,4.3097,4.4634,5.4745,1.3283,3.5047,4.5318
TCGA-VN-A88N-01,3.2127,3.4778,3.5779,4.2736,3.4291,3.8640,0.6880,2.9544,4.5958
TCGA-KK-A8IC-01,3.4197,5.4618,3.4933,4.5778,3.7496,5.7385,6.4316,4.1970,2.9655
TCGA-G9-6356-01,3.1797,5.6308,3.6207,4.1498,4.1409,5.2442,4.5142,3.6983,5.2552
TCGA-HC-7738-11,2.9356,3.7367,3.1540,3.9346,4.5148,4.2404,1.0151,3.4318,3.2158
TCGA-TP-A8TT-01,3.2389,4.8385,3.7291,3.7593,3.8759,4.1978,6.2449,4.2728,4.3306
TCGA-V1-A8MK-01,3.0842,4.8934,3.1261,4.0037,3.9571,4.7496,3.6219,3.3717,4.4803
TCGA-CH-5772-01,3.4318,6.0398,3.6417,4.5442,4.9041,3.7496,1.9415,3.2959,4.9026
TCGA-CH-5763-01,3.3134,6.1111,4.0144,4.4006,4.1820,5.8871,1.5709,3.7453,4.4149
TCGA-EJ-A46E-01,3.0092,6.5548,3.3952,4.1136,3.7324,7.1196,1.9188,2.8442,4.9036
TCGA-EJ-7331-01,3.4020,5.1157,4.1136,4.7960,5.2668,4.5380,2.0325,4.0593,4.6531
TCGA-KK-A59X-01,3.3235,3.6543,3.0092,4.6691,4.4443,2.7721,0.3796,2.2513,4.1335
TCGA-V1-A8ML-01,2.9356,5.5008,2.9618,3.7421,4.1019,3.8788,0.8726,2.8341,4.3364
TCGA-EJ-A46I-01,3.0038,5.6276,3.3148,3.9728,4.1351,4.6118,2.8602,2.7029,4.8218
TCGA-EJ-A7NF-01,2.8542,5.2122,2.8482,3.8866,3.5982,3.9108,6.8426,1.6281,4.9695
TCGA-CH-5746-01,3.3177,5.9709,3.9534,4.3256,4.2669,4.0739,6.2273,2.5658,5.3505
TCGA-V1-A9OH-01,3.0020,5.4696,2.9432,4.2684,3.6242,5.0409,1.0151,3.0056,4.5650
TCGA-G9-7521-01,3.6184,3.0568,3.5436,4.6271,4.8660,4.0419,1.5064,4.5429,3.8973
TCGA-HC-7749-01,3.2826,5.5173,3.7571,3.7539,5.2895,3.8249,1.9490,2.9655,5.4877
TCGA-YL-A8HO-01,2.8260,4.8294,3.1540,4.7856,3.7378,4.5255,2.0979,3.7846,4.3492
TCGA-EJ-7314-01,3.3206,6.1711,3.8719,2.6232,4.5898,5.7632,4.6242,2.7847,5.5429
TCGA-YL-A8SR-01,3.4543,4.7491,3.8944,4.1515,4.3910,4.5669,2.5238,4.7872,4.2064
TCGA-HC-7231-01,3.3235,5.3941,3.1011,2.3164,4.3917,3.8330,6.8762,3.8866,4.6047
TCGA-HC-7737-01,3.2781,5.7453,3.3856,4.0653,3.9700,6.2631,2.6371,4.7819,4.7038
TCGA-VP-AA1N-01,3.0944,5.5826,2.7401,2.2693,3.4543,4.8515,0.8082,2.6918,4.6468
TCGA-YL-A8SB-01,3.1062,5.3096,3.5621,4.3463,3.9393,3.7582,1.5998,3.4007,4.6041
TCGA-HC-7209-01,3.2343,6.2306,3.7625,2.3451,4.4887,4.7138,6.8299,3.3911,4.9303
TCGA-HC-7075-01,3.3938,5.2679,3.8095,4.4054,4.3883,2.3536,0.0580,3.0287,5.1555
TCGA-Y6-A9XI-01,3.5449,3.9232,2.9413,4.3234,4.9055,3.2018,1.3051,3.2856,4.0233
TCGA-M7-A71Z-01,3.0020,6.5081,1.9264,3.4424,3.7389,3.8905,6.0822,-0.0574,4.5940
TCGA-ZG-A9LB-01,2.1509,7.1018,1.2576,3.8719,3.1987,5.5865,-0.0877,1.9452,4.9317
TCGA-EJ-A7NK-01,2.9674,4.9045,2.9300,3.9147,3.8401,4.7088,3.1955,2.6185,4.4115
TCGA-YL-A8S9-01,3.1733,6.3616,2.2990,4.5336,4.7361,1.7403,-0.4921,2.1378,4.4270
TCGA-CH-5767-01,2.9544,6.1115,3.5559,4.1277,4.4410,3.8769,0.2154,2.4035,4.5268
TCGA-CH-5769-11,3.1377,5.7853,3.6691,2.5707,3.6359,4.4203,5.9213,2.9319,5.5479
TCGA-EJ-5495-01,3.5224,5.2514,4.1078,4.4983,4.8274,4.7005,6.1274,4.8505,4.9672
TCGA-EJ-A65D-01,2.0979,5.8045,1.6604,3.8187,3.4596,1.2455,5.7963,0.0990,5.0592
TCGA-CH-5790-01,3.5730,6.3300,4.1409,4.4095,4.2616,3.2752,7.2201,2.8701,4.5110
TCGA-KK-A8IB-01,2.9167,6.2504,1.9415,4.5098,3.3492,5.0930,1.1897,3.1145,4.6730
TCGA-HC-8259-01,3.3119,5.6969,3.2313,3.8719,3.9938,2.1444,6.6307,1.7141,5.0059
TCGA-J4-A83L-01,3.3787,6.6719,3.3521,4.0969,3.8249,4.5571,1.2992,3.2282,4.7082
TCGA-G9-6354-01,2.3048,3.9737,2.8994,3.9156,3.0533,3.5098,5.8422,1.4704,3.7603
TCGA-G9-6332-01,3.1908,5.6554,2.9802,0.2642,3.5047,2.4035,6.7866,1.3225,5.5348
TCGA-KK-A8I6-01,3.2435,6.3737,2.7931,3.3577,3.9147,4.1376,4.2706,2.9338,4.7027
TCGA-XJ-A83F-01,2.9413,5.5862,2.7357,4.1604,3.2049,3.2002,6.9590,2.1606,5.4403
TCGA-CH-5794-01,3.0481,5.9903,2.8622,1.7995,4.1474,3.9608,6.9861,2.2268,4.5098
TCGA-EJ-7328-01,3.1860,5.4809,3.7730,4.7049,4.0136,5.4800,6.0997,4.6674,4.8334
TCGA-YL-A9WL-01,3.4020,5.6068,2.9618,5.3841,4.8074,2.8442,7.0064,3.0927,0.7579
TCGA-V1-A9O5-01,3.3842,5.2017,3.1458,1.8404,4.2980,4.3869,1.1447,3.5547,4.3958
TCGA-HC-8266-01,3.4752,4.9960,3.5682,4.0926,4.0295,5.1579,2.0465,5.0282,4.5632
TCGA-XK-AAIW-01,3.4804,6.2694,4.1359,4.7576,4.9824,1.7870,0.3685,3.0706,5.5611
TCGA-KK-A8I9-01,3.2158,5.8493,3.1813,4.5958,4.2396,6.1190,3.1028,4.3155,4.7804
TCGA-YL-A9WH-01,3.2143,6.1106,2.5996,1.7912,3.8700,2.4359,0.6699,1.9968,5.1031
TCGA-V1-A9ZI-01,2.5731,5.8017,2.4439,4.4990,3.4318,3.7539,1.4859,2.9637,2.7249
TCGA-HC-7819-01,3.5022,5.4280,2.8522,4.3039,4.2150,3.6555,7.1442,2.8779,5.2300
TCGA-J4-A67S-01,2.3280,4.7698,1.2756,3.0411,3.0619,4.0807,5.6511,1.6187,4.9241
TCGA-X4-A8KQ-01,2.3760,4.7280,3.1062,4.0858,3.5224,5.2987,5.8316,2.8740,3.1245
TCGA-J4-A67R-01,1.7995,4.7496,1.5998,3.5535,2.7227,4.4700,4.5224,2.3077,4.4764
TCGA-YL-A8SJ-01,3.0774,6.2225,3.5337,4.0705,3.9346,3.9232,1.7053,3.0376,3.0585
TCGA-EJ-A6RA-01,2.8117,4.7388,2.8280,4.0636,3.6623,4.5534,0.2998,2.5137,4.7603
TCGA-EJ-5499-01,3.4034,5.9969,4.2518,3.4477,4.2488,4.5154,6.1106,3.3478,5.6369
TCGA-EJ-8470-01,3.7171,5.7887,4.2736,4.7220,4.7809,5.1958,1.2875,4.5844,4.8983
TCGA-EJ-7330-01,3.5706,6.1312,4.0515,4.8248,5.4410,6.0919,1.8879,3.8471,5.1031
TCGA-G9-6333-11,3.2374,4.1628,2.8240,4.2001,3.0740,5.2040,-0.1187,3.1669,4.6871
TCGA-HI-7168-01,2.7993,6.0224,3.2973,4.4745,3.9561,4.9672,1.5563,3.2722,5.0317
TCGA-EJ-5526-01,3.6612,5.2369,4.3827,4.7960,4.7517,4.8500,6.7811,3.9156,4.2243
TCGA-HI-7171-01,3.3321,6.5904,2.7784,4.8141,4.6753,3.4622,6.2557,3.2870,4.8895
TCGA-2A-A8VL-01,2.7700,4.6212,3.0944,3.9792,3.9626,4.0790,5.3660,2.2452,3.8370
TCGA-KK-A8IF-01,3.5436,6.2325,1.9302,5.6702,4.4634,2.5163,0.0014,1.0363,4.8028
TCGA-HC-7081-01,3.2002,5.0014,4.1523,3.5299,5.2017,4.4101,6.9846,4.6854,4.9222
TCGA-EJ-AB20-01,2.4960,4.1772,1.9712,4.7127,3.8973,5.5176,0.9935,2.9071,4.9477
TCGA-HC-7736-01,3.7335,6.2466,4.0653,4.6854,4.3449,5.9397,1.9968,4.2847,5.0833
TCGA-EJ-A65M-01,2.6693,5.5766,2.2753,4.1539,3.8075,3.3952,0.8568,2.1638,4.5802
TCGA-V1-A8WN-01,3.2885,5.2954,3.8228,4.3653,4.5072,5.0501,1.4011,3.4868,4.3155
TCGA-EJ-5498-01,3.3591,5.9189,4.4088,5.0335,4.8724,5.6784,6.3140,4.5454,3.7950
TCGA-EJ-A65G-01,2.7742,4.8655,2.8681,4.1692,4.0610,2.7007,-0.3940,1.7870,4.1844
TCGA-XJ-A9DQ-01,2.8502,4.1595,2.9729,4.0287,3.6916,4.8660,4.9458,2.8402,4.8069
TCGA-EJ-A65F-01,3.1892,6.4837,3.1924,4.3709,4.8525,4.5123,6.6434,3.5911,5.2292
TCGA-EJ-7785-01,3.6160,5.8970,4.3862,4.8817,4.9612,4.8375,7.2590,4.4476,5.1827
TCGA-G9-A9S4-01,3.2900,5.6806,3.0619,4.2510,4.2609,5.9011,6.6727,1.6045,4.8645
TCGA-HC-8256-01,3.3675,5.2649,3.6242,4.5832,4.4855,3.1278,0.1519,2.5972,4.8390
TCGA-HI-7170-01,2.8799,5.8187,3.1212,4.5693,3.4048,6.7225,1.9638,4.4634,4.8881
TCGA-J9-A52E-01,2.6067,4.7887,2.5780,5.4621,3.6463,6.3093,3.7730,2.6510,4.5255
TCGA-G9-7523-01,2.5707,4.4013,3.0808,4.5940,3.5237,5.1339,2.3816,4.3477,4.0799
TCGA-TK-A8OK-01,2.4831,5.3136,3.4102,4.2033,3.8044,5.0466,2.7805,4.0028,3.6939
TCGA-EJ-7325-01,1.8201,4.6560,1.2455,3.8461,3.1860,4.3702,6.3464,0.4552,4.7187
TCGA-HC-8257-01,3.3675,6.2582,3.5047,3.9801,4.3965,3.4264,6.2512,2.9600,5.2365
TCGA-FC-A4JI-01,3.8330,6.4425,3.5657,4.5192,4.5862,1.2815,-0.8084,2.0465,4.8788
TCGA-EJ-A8FS-01,3.2065,6.1154,2.7700,4.6485,5.1974,3.0568,-0.4325,1.8524,4.7955
TCGA-HC-7745-11,2.7073,3.1228,3.2973,4.0722,4.5230,4.5040,1.2636,3.6463,3.9318
TCGA-HC-7078-01,2.9581,5.1469,3.1228,4.8540,4.1668,4.6247,1.7995,3.7291,3.9755
TCGA-ZG-A9L2-01,3.1228,4.7872,2.8936,3.6266,3.4984,4.0816,5.1052,3.7773,4.8048
TCGA-KK-A7B2-01,2.7051,5.3067,2.5188,3.5754,3.1228,6.0171,4.6047,3.5827,4.5862
TCGA-EJ-5497-01,3.3221,5.4243,3.9242,4.6860,4.5754,4.8334,6.3140,4.1417,4.9426
TCGA-H9-A6BY-01,2.0360,5.7391,1.6875,3.4197,2.9929,2.0254,5.3241,-0.2498,4.7825
TCGA-2A-A8VV-01,2.5263,5.4598,3.0808,4.3213,3.2112,2.8582,6.3953,2.4597,4.9677
TCGA-HC-A9TH-01,3.2766,4.7635,3.2450,1.9264,4.1684,3.6543,1.4281,3.1523,4.3765
TCGA-EJ-7318-01,2.6441,5.2702,2.1509,3.8640,3.5959,3.2282,-0.0877,1.5806,4.0601
TCGA-YL-A8HL-01,3.5287,4.6118,3.8401,1.4388,4.8837,3.6324,7.7925,2.8014,4.2884
TCGA-EJ-5496-01,3.4804,5.0790,3.5387,4.6944,4.6023,3.8177,7.4258,2.7763,4.9919
TCGA-CH-5754-01,3.3003,6.5214,3.4237,3.0038,4.6949,4.1994,6.5286,4.3660,2.7763
TCGA-KK-A7AZ-01,2.7029,6.4627,2.4805,4.3090,4.3965,3.7204,0.3231,1.8918,5.9477
TCGA-EJ-5509-01,3.0619,5.5370,3.3464,4.7469,4.8269,4.2472,1.7954,3.8935,4.6300
TCGA-G9-6384-01,3.8228,5.7824,3.9242,4.6124,4.5503,5.7279,6.6483,4.2669,4.5904
TCGA-ZG-A9L0-01,2.9893,5.6136,3.5161,4.3632,4.3313,4.6288,2.1476,3.8085,3.6125
TCGA-EJ-A7NN-01,3.2944,3.4713,3.3647,4.7991,4.5856,3.9737,1.6512,3.8827,3.8023
TCGA-ZG-A9ND-01,3.1278,4.5784,2.5900,3.8330,4.2721,3.9829,0.1519,2.4934,4.3646
TCGA-CH-5761-11,3.0637,4.4673,3.6417,3.9403,3.9118,5.6398,0.7233,3.2466,5.1252
TCGA-EJ-7781-01,3.4907,6.0792,4.1252,4.8375,4.8679,4.0858,1.1447,3.8441,3.7050
TCGA-VN-A88I-01,2.8402,5.0277,3.0110,4.0584,3.0110,5.3417,2.2872,3.6691,4.4377
TCGA-G9-6362-11,2.6533,3.1829,3.9728,4.9341,3.6939,4.0100,5.9889,2.7073,5.0242
TCGA-HC-A9TE-01,3.1028,3.5486,3.3647,2.9562,4.2943,4.0383,4.5104,3.9270,2.9262
TCGA-HC-A6AQ-01,2.1280,5.0153,1.7995,3.7400,3.3647,3.2143,0.2277,1.1833,4.6933
TCGA-KK-A8ID-01,2.6850,5.3045,3.6703,4.0055,4.5862,2.5087,0.4016,2.6895,4.4410
TCGA-HC-A631-01,3.3221,5.8359,3.6771,1.2455,4.1547,4.9584,0.3907,2.1798,4.3758
TCGA-XK-AAIR-01,3.3911,4.4483,3.7794,4.3910,5.2083,5.2036,1.1641,3.1797,4.4410
TCGA-YL-A9WJ-01,3.2251,6.3766,3.3393,4.1498,4.3060,4.9892,2.0707,3.7846,4.7704
TCGA-V1-A9Z9-01,3.1095,4.6247,2.8442,3.3647,4.1219,4.5516,1.7954,3.0859,4.8983
TCGA-HC-7747-11,2.5610,3.6474,3.2722,3.6301,4.4081,4.0532,1.2934,2.9224,3.3773
TCGA-QU-A6IM-01,1.8840,3.2841,0.1903,3.5086,3.4358,4.1708,1.1641,0.6425,3.9838
TCGA-KK-A6E0-01,3.2572,5.3459,3.0498,1.9377,4.1211,3.7582,1.2085,3.0002,4.5117
TCGA-HC-8260-01,3.4331,4.8595,3.5149,4.8895,4.1111,5.2242,5.6271,3.2826,4.2480
TCGA-EJ-5504-01,3.3661,6.1683,3.4894,4.9294,4.5274,4.1555,2.1444,3.6737,5.0202
TCGA-V1-A9Z8-01,2.9984,4.3541,2.4386,3.1717,3.3393,4.6832,2.2513,3.5486,4.7777
TCGA-EJ-8472-01,3.1523,4.0488,3.5486,4.2358,4.9218,3.6463,7.3329,2.9562,5.7079
TCGA-EJ-7783-11,2.4198,4.5880,3.7127,4.4654,2.9432,4.8228,2.2513,3.2174,3.8827
TCGA-XK-AAJR-01,3.2796,4.3270,3.1426,4.2818,4.4855,4.1203,2.2573,3.7138,5.0326
TCGA-KK-A6E5-01,2.9071,6.0475,2.8542,4.1970,3.8531,3.8591,1.5013,3.2826,4.6697
TCGA-EJ-5530-01,3.5461,6.5489,3.9356,4.7474,4.8515,3.4048,7.4233,3.3032,5.4387
TCGA-G9-6370-01,3.4997,5.0833,3.5947,4.5342,4.1219,6.3347,1.1897,3.7518,4.5192
TCGA-HC-A6AO-01,2.1734,4.8090,1.2394,3.7127,2.6418,4.9500,-0.2159,1.3340,4.0985
TCGA-G9-6366-01,2.7972,5.8841,3.2737,5.0764,4.3855,3.9571,0.6332,2.5924,4.6651
TCGA-KK-A7B4-01,3.3307,6.2913,2.7805,4.2095,4.0969,2.9692,6.9781,2.8219,3.0393
TCGA-KK-A6E2-01,3.6691,7.0081,2.9281,3.9223,3.9737,2.6043,7.5424,2.6418,4.1161
TCGA-J4-A83J-11,3.0688,6.7165,3.2018,4.2080,3.5174,6.9532,1.5165,3.7453,4.3249
TCGA-ZG-A9LN-01,2.6348,5.3636,2.9820,4.2706,3.2796,4.3702,1.5514,3.9883,4.9810
TCGA-XJ-A9DI-01,3.2096,4.7496,3.5584,3.9487,4.6933,6.2207,5.1285,4.2943,4.3744
TCGA-HC-7750-01,3.0515,5.3862,2.9032,4.4713,3.9156,3.8177,1.2934,2.7422,4.5522
TCGA-J4-A83M-01,2.9488,7.0955,2.3564,4.2404,4.0233,3.9673,0.8726,3.0020,5.1768
TCGA-HC-A4ZV-01,3.1475,6.2799,2.9469,4.4081,5.3941,3.2405,1.7185,3.9580,4.5448
TCGA-KK-A7AP-01,3.2737,6.6363,2.4439,4.4608,4.3646,2.2268,-0.5332,1.3901,4.6242
TCGA-EJ-7331-11,3.3787,3.7072,4.2503,4.8167,4.7088,4.9814,2.5363,4.2855,4.5286
TCGA-EJ-7791-01,3.3321,5.5772,4.0278,4.1252,4.7592,5.1010,2.3164,3.8973,4.7027
TCGA-EJ-7788-01,3.4945,5.4509,4.1962,2.9338,4.4128,3.8147,2.1180,3.3925,5.4043
TCGA-VP-A87K-01,3.5523,5.7682,3.7094,3.6219,4.5429,3.4183,7.8834,2.5707,2.0946
TCGA-EJ-7783-01,3.7324,6.4648,3.8660,4.8038,5.4053,5.6200,6.9537,4.2204,5.1169
TCGA-EJ-5507-01,3.7127,4.5675,3.9127,5.7366,4.4951,3.6612,6.6834,3.5060,4.3249
TCGA-HC-7213-01,3.6148,4.5349,3.8157,1.4859,3.9270,2.9525,7.4007,2.7679,5.3202
TCGA-EJ-5512-01,3.2065,5.1206,3.4907,4.7377,4.4283,4.2048,5.3820,2.7868,4.9878
TCGA-CH-5768-11,3.3492,4.3002,3.7688,4.3541,4.0926,4.4881,-0.1345,2.9338,4.7698
TCGA-VN-A943-01,3.2328,5.0644,2.3843,3.7410,4.2758,2.9875,-0.3566,1.3956,4.5293
TCGA-VN-A88M-01,2.3732,4.1587,2.6805,3.6347,2.9655,3.3800,6.8863,1.4756,5.2765
TCGA-XK-AAK1-01,2.8361,5.3399,1.5216,4.1228,4.4404,2.9319,0.0014,1.8918,4.5892
TCGA-HC-7742-11,3.3177,4.1684,3.5449,4.4054,4.2518,5.2976,1.1706,2.9469,4.9341
TCGA-V1-A9OX-01,2.7594,3.6950,2.5585,3.8964,3.5199,4.9782,0.8327,2.7444,4.3944
TCGA-EJ-7327-11,3.3003,2.9857,4.5009,4.6445,4.6753,3.6160,0.7579,2.3164,4.9805
TCGA-J4-A67N-01,2.1670,4.4945,1.6875,1.0779,4.6742,3.6532,5.0905,1.2023,4.6866
TCGA-HC-7820-01,3.3478,5.4787,3.4034,4.0593,4.3263,3.8511,5.7565,2.5924,5.1392
TCGA-XJ-A9DK-01,3.3787,4.3800,3.0376,3.8431,3.3979,5.5687,3.7614,3.4881,4.6485
TCGA-V1-A9OT-01,1.8323,4.0497,1.9675,3.9645,3.3745,2.8916,3.4504,1.7744,4.6611
TCGA-KK-A6E4-01,2.1013,6.4333,1.0503,3.9478,2.6185,2.6348,6.0332,0.8961,5.0917
TCGA-J4-A67M-01,2.2019,4.9621,1.2815,4.0383,3.0163,4.5442,0.6608,2.3451,4.2320
TCGA-YL-A8SC-01,3.5657,5.5438,3.4075,3.7625,5.4960,3.7496,0.7233,3.4210,1.4911
TCGA-EJ-5522-01,3.5237,5.5445,4.4364,3.6417,4.6508,3.8116,6.6016,3.8370,4.4006
TCGA-EJ-5524-01,3.5374,5.2173,4.5669,5.2910,4.5002,4.4771,6.9812,4.1252,4.4536
TCGA-J9-A8CL-01,3.0358,5.9720,3.6972,4.1285,4.4156,3.3633,2.0810,2.8240,4.7231
TCGA-KK-A6E8-01,2.5011,5.2149,2.0218,4.1652,3.6148,3.0127,0.2277,1.7185,3.7518
TCGA-EJ-7797-01,3.2900,5.9746,3.7846,4.3399,4.1417,5.2533,7.6342,3.5374,4.4900
TCGA-J4-A6G1-01,3.4371,5.2342,3.4881,4.2056,3.4856,4.8033,5.2188,5.1744,4.5970
TCGA-EJ-8474-01,2.9692,5.7624,3.6113,4.7077,3.8023,3.7688,1.8957,3.2018,4.2258
TCGA-M7-A71Y-01,3.1195,4.1939,2.5338,3.9346,3.6393,5.4522,-0.0574,2.8799,4.6617
TCGA-J4-A6M7-01,3.4945,6.2153,3.6417,4.2781,3.9194,3.3800,6.8577,2.2723,5.4751
TCGA-FC-A6HD-01,1.9302,5.6659,1.8404,3.8837,3.1458,2.3649,-2.1140,0.1388,4.2304
TCGA-HC-8262-11,3.7550,7.1870,3.7646,4.4135,3.5596,7.5126,2.3479,4.8881,4.4938
TCGA-HC-7752-11,2.7657,2.9109,3.1908,4.6479,3.6532,5.1429,1.3167,3.3828,4.6502
TCGA-V1-A8WW-01,3.2557,4.1946,3.2143,4.6921,3.9965,3.3450,4.7165,3.0944,4.8012
TCGA-KK-A6DY-01,3.4451,6.6175,3.4143,3.1327,3.6827,5.4660,6.3576,3.2251,4.5946
TCGA-CH-5764-01,3.6101,6.3618,4.2706,4.8650,4.7088,4.4081,6.9239,3.7302,4.6053
TCGA-G9-6363-01,2.8522,4.1027,3.8147,2.7249,2.9984,3.5923,5.6106,2.7444,4.9294
TCGA-VN-A88L-01,2.8602,5.4350,3.2435,4.0454,2.9655,4.4250,6.6424,3.4183,4.5516
TCGA-KK-A8IA-01,3.5608,5.0850,2.9820,2.3451,4.2312,2.6738,6.3020,2.4544,0.7321
TCGA-V1-A9OF-01,3.0637,5.4754,3.5312,4.4430,4.2892,3.4530,0.6969,2.6185,4.7302
TCGA-XA-A8JR-01,2.8877,5.4663,3.2617,4.2358,3.8680,4.1400,-0.1665,1.7185,4.4588
TCGA-KC-A4BR-01,3.1749,7.1940,3.0585,4.0799,3.5498,5.9773,5.5043,3.5899,3.3842
TCGA-YL-A8S8-01,2.9525,6.1561,2.8462,5.1194,4.5249,5.7445,1.3225,3.0358,4.1449
TCGA-HC-7821-01,3.5839,4.7334,4.1740,4.5199,5.0054,4.0909,5.2165,3.5851,2.1444
TCGA-KC-A7F6-01,3.2405,6.6405,3.0585,4.2593,3.6759,5.2854,6.4537,3.4007,3.0428
TCGA-M7-A721-01,3.0515,5.6127,3.0127,3.6748,3.8259,4.3119,1.4652,3.2205,4.8992
TCGA-KK-A6E3-01,1.8683,3.9251,1.9149,3.7367,3.2481,3.2841,0.1388,1.8722,3.8002
TCGA-XJ-A83G-01,2.7117,4.7565,2.5313,3.7919,3.5779,3.6113,-0.4325,1.5415,4.5305
TCGA-ZG-A8QZ-01,3.0944,5.8156,3.4318,3.4251,3.6312,4.7082,5.8973,3.4358,4.8802
TCGA-V1-A8MJ-01,3.3563,4.9542,3.6691,3.5035,4.0410,5.7892,1.3567,3.4088,5.0934
TCGA-G9-6342-11,3.0038,4.6634,3.5324,3.8441,3.6230,5.0348,1.0711,2.7487,4.7236
TCGA-V1-A8X3-01,3.2374,6.0014,2.5996,4.1119,4.3513,3.6440,0.3907,2.7095,4.8679
TCGA-EJ-7792-11,3.3773,4.3321,4.1875,4.8758,4.2235,5.9367,2.8562,4.7877,4.6416
TCGA-HC-A6AS-01,2.0500,5.1132,1.5806,3.9765,2.6371,4.7291,0.7664,1.7995,4.2578
TCGA-EJ-7793-11,3.5803,4.7645,3.7561,4.4990,4.1828,5.6957,2.0638,3.9910,4.0506
TCGA-YL-A8SA-01,3.1311,3.1278,2.6715,2.0111,3.6509,2.8462,6.7870,2.1345,3.5971
TCGA-ZG-A9L9-01,2.5996,4.3632,2.5437,3.6737,3.3105,3.5022,5.4250,2.7826,2.7249
TCGA-EJ-A46H-01,3.2526,6.4150,3.4920,4.3477,3.7815,6.9177,2.6873,5.2694,4.1946
TCGA-EJ-7782-11,2.5804,4.9388,4.3681,4.3903,3.6861,5.4057,2.2693,4.0028,3.9213
TCGA-Y6-A8TL-01,3.2572,5.7911,2.8178,4.3820,3.9308,3.8391,1.0983,2.6602,4.1756
TCGA-HC-7233-01,3.4116,6.3116,3.9920,4.7651,4.4667,4.5540,1.5165,4.0392,5.1388
TCGA-QU-A6IO-01,1.6327,4.3548,0.4447,3.2988,3.0074,3.9589,-0.5125,1.2934,4.2706
TCGA-CH-5744-01,3.2541,5.2983,3.5694,2.0535,4.2691,4.8605,6.7297,3.1637,5.3449
TCGA-V1-A9OA-01,2.5828,5.8063,2.8877,4.3765,3.2722,5.1599,1.9149,3.2707,5.0875
TCGA-VP-A87J-01,3.0893,3.6497,3.7127,2.5828,4.7269,3.6347,0.7579,2.5780,4.7971
TCGA-EJ-7321-01,3.5009,7.6102,3.4291,4.8530,4.0488,4.4074,8.1627,3.4129,4.8279
TCGA-KK-A7AU-01,3.3675,5.3920,3.5510,0.2642,4.6059,2.1213,6.5580,1.0503,2.3337
TCGA-M7-A722-01,2.2237,5.1962,0.4552,3.7846,4.0713,2.1830,-1.3548,-1.3921,4.6012
TCGA-CH-5740-01,2.9984,7.2341,3.1507,3.9127,4.0497,3.3966,6.5817,2.9600,5.2502
TCGA-EJ-5503-01,3.1971,3.8198,3.6578,4.1318,4.2158,5.6100,4.1368,3.8630,4.9937
TCGA-J9-A52C-01,2.9562,6.1461,2.8602,4.1604,3.0287,6.2959,1.9931,4.1732,4.4503
TCGA-WW-A8ZI-01,2.9875,5.5107,3.5399,4.5280,4.0198,3.1653,0.6608,2.6441,4.3979
TCGA-EJ-7314-11,3.4530,6.3639,4.0653,4.9575,4.5790,6.0637,2.7594,4.2001,4.5970
TCGA-EJ-A7NM-01,3.0842,5.3636,2.8897,2.1313,3.5473,4.2196,1.0779,3.6623,5.4867
TCGA-VP-A87E-01,2.7847,6.3705,3.1212,4.2503,3.3952,5.2442,1.7053,3.9506,4.0824
TCGA-EJ-7789-11,3.0463,4.0366,3.9506,4.3688,4.1441,5.5379,2.0776,3.8411,4.4344
TCGA-EJ-7312-01,3.0340,3.5887,2.7636,3.8670,3.7825,3.3549,0.0440,1.5366,4.7565
TCGA-HC-A48F-01,3.6861,5.2292,3.3278,5.2304,4.6742,2.0004,6.5289,2.0254,5.0998
TCGA-EJ-5521-01,2.9281,4.8415,2.9205,3.6691,3.6184,3.7006,6.1031,2.9747,4.4277
TCGA-EJ-A8FO-11,2.7972,6.2972,3.0723,3.8944,2.6067,5.6639,1.3397,3.0163,4.1716
TCGA-EJ-7786-01,3.3003,5.8169,3.3952,4.4364,5.0117,3.6905,1.1050,2.9692,4.4881
TCGA-G9-6365-01,3.0020,5.7203,2.8096,4.9472,3.5136,4.6617,5.5370,3.0110,5.2400
TCGA-CH-5769-01,3.0463,5.5407,3.8670,2.8096,3.7486,4.2810,5.8347,2.8402,5.4416
TCGA-M7-A723-01,2.6579,4.0918,2.5561,4.0627,3.0498,4.3965,1.0711,2.3308,4.4926
TCGA-G9-6499-01,3.0252,5.9876,3.3535,4.2699,3.7061,4.6329,0.4016,2.5852,4.6445
TCGA-G9-7510-01,3.2251,5.7658,3.3264,4.3428,4.0645,5.4433,1.8683,3.7836,4.4317
TCGA-HC-8258-11,2.7095,3.2282,3.2617,3.4331,4.1796,4.6645,0.3346,2.7183,2.9281
TCGA-J4-AAU2-01,2.7249,5.5145,2.9356,4.0153,4.0010,3.5299,0.7664,2.8301,4.6148
TCGA-CH-5750-01,3.3897,6.8649,3.8857,4.7709,4.9045,3.7182,1.1833,4.0348,5.3064
TCGA-EJ-A65B-01,2.2206,5.5952,1.6875,4.1482,3.2251,4.1194,1.2696,2.5804,4.1700
TCGA-XJ-A83H-01,3.0723,6.3563,2.9692,4.0037,3.9691,6.0917,0.3685,3.0585,4.5123
TCGA-EJ-5510-01,3.1701,5.4199,3.3393,3.3061,4.3779,4.9524,1.5902,3.7335,5.0308
TCGA-EJ-7793-01,3.2632,4.5832,3.5887,4.3111,4.4654,4.0799,6.1735,2.6895,4.6212
TCGA-YL-A9WY-01,3.2944,4.7851,3.4371,5.2672,3.4843,4.8095,1.9968,4.3313,4.6725
TCGA-KK-A7B1-01,3.3032,5.7019,2.8482,4.2758,4.2419,5.1449,6.3572,3.9261,5.1962
TCGA-VP-A876-01,2.4727,7.1290,3.5584,4.3263,3.7313,3.0323,6.7285,2.5213,4.6525
TCGA-M7-A724-01,2.7931,7.9801,2.2019,3.6782,4.2025,2.7763,-0.3201,1.5806,5.0308
TCGA-KK-A8IM-01,3.3393,5.5170,3.8700,3.1491,3.8380,3.7582,6.2046,2.9729,4.6124
TCGA-XK-AAIV-01,3.6066,5.7366,3.3966,3.3393,3.9829,4.0427,2.1766,4.7274,2.9224
TCGA-KK-A7AV-01,3.1939,5.6551,3.2752,4.4033,3.6578,4.9528,1.6187,4.2158,4.7576
TCGA-VN-A88P-01,3.1475,5.7228,3.3206,4.1946,3.9223,4.8253,2.0500,3.6312,5.0348
TCGA-KK-A7AY-01,2.4544,5.4532,1.7229,1.3283,3.5073,2.7487,4.3009,0.9038,4.3667
TCGA-G9-6351-01,3.0859,4.8470,3.4726,4.0773,3.9421,4.6730,5.6276,2.5011,4.7549
TCGA-EJ-7784-01,3.6172,6.9606,3.6370,4.9472,4.7231,3.0825,6.5069,3.2707,5.3230
TCGA-HC-7744-01,3.6714,6.5511,3.1717,4.8783,4.8400,4.0207,6.2812,2.9243,5.5562
TCGA-KK-A8IK-01,2.8240,4.8832,3.3828,4.4608,3.8788,1.8323,0.8408,2.3077,3.9289
TCGA-G9-6496-11,2.6918,3.8421,2.8542,4.0790,3.3966,5.8530,0.1519,2.3677,4.5161
TCGA-M7-A720-01,3.2752,3.9534,3.2466,3.9755,3.5633,5.2028,1.8604,2.8562,4.1244
TCGA-HC-7080-01,3.4143,4.6183,2.6602,3.8421,4.9892,2.7357,1.2085,3.0270,4.8660
TCGA-XK-AAJU-01,3.3032,4.5748,3.2189,3.9636,4.1772,5.6416,1.2636,2.8701,4.7714
TCGA-EJ-5531-01,3.4843,5.3761,3.9543,4.5559,4.7274,4.6041,1.4494,3.5274,4.9919
TCGA-FC-7708-01,3.3506,5.5738,3.8973,4.0807,4.0909,5.7096,5.8748,4.5547,4.4437
TCGA-G9-6348-11,2.6487,3.8621,2.6647,4.1153,3.3773,5.3886,1.2147,2.9875,4.5892
TCGA-HC-7211-11,2.6670,3.3076,3.0481,3.3450,4.0251,4.2041,-0.2671,2.3106,3.1162
TCGA-EJ-7785-11,2.8779,4.3278,4.4027,4.8615,3.9534,4.7571,1.9111,3.5959,4.2624
TCGA-G9-6353-01,2.6962,4.7055,2.8838,3.6680,3.9965,4.8575,4.2327,2.8422,4.7698
TCGA-KK-A59Z-01,2.7742,5.6848,2.6715,3.8300,3.7730,4.9454,1.6785,3.7215,4.2119
TCGA-HC-7738-01,3.2220,5.7809,2.9148,4.1692,4.3944,3.3993,0.2522,2.2206,4.6439
TCGA-ZG-A8QX-01,2.8858,4.3492,3.2781,4.0480,3.5827,3.1228,-0.2671,2.2633,4.3972
TCGA-YL-A9WI-01,3.4464,7.2849,2.5585,4.7138,5.2732,5.5738,0.3907,1.1960,4.8213
TCGA-QU-A6IN-01,1.8604,5.2687,1.1050,3.7752,2.2990,1.9859,5.8294,0.3115,4.3371
TCGA-V1-A8WL-01,3.1145,5.0059,3.4020,4.0287,3.7050,4.8679,0.9568,4.0269,4.6668
TCGA-KK-A8IG-01,3.0927,5.7682,2.8502,4.1676,3.9524,4.7077,1.8683,3.6486,4.1923
TCGA-YL-A8HK-01,3.0340,5.1736,3.3032,3.3591,4.2025,4.9045,6.5548,4.0462,4.4067
TCGA-EJ-5519-01,3.3591,6.2250,3.8788,3.8650,4.8228,4.3499,2.0912,3.6451,4.0756
TCGA-J4-A67T-01,3.4020,6.0248,3.2374,4.0462,3.8421,5.2858,4.9933,3.1344,4.9055
TCGA-VP-A87H-01,3.1653,6.2812,3.0234,4.9045,3.9412,4.7296,0.9493,2.4386,5.3173
TCGA-HC-7079-01,3.1987,5.5503,4.0171,4.2220,3.1987,5.4506,1.7870,5.8719,4.8048
TCGA-HC-7745-01,3.0498,5.9759,3.5411,4.5123,3.9543,5.4800,4.1796,3.8700,4.5243
TCGA-J4-AATZ-01,3.1311,5.0330,3.7741,1.2875,4.8182,4.4443,0.7407,3.0961,4.8758
TCGA-J4-A67K-01,1.8160,6.6813,1.3679,3.1717,2.7889,3.7529,5.4631,1.4228,4.0610
TCGA-EJ-7321-11,3.2602,5.1035,3.6827,4.3597,4.2877,6.1991,1.9822,3.8876,4.3017
TCGA-HC-8216-01,3.0978,5.6171,3.9534,4.9547,4.1425,4.1078,0.9716,3.3032,4.0790
TCGA-KC-A4BL-01,3.5136,6.3248,3.4933,4.4013,4.4095,6.3562,1.4494,3.7730,5.0054
TCGA-G9-7525-01,2.7139,4.6949,2.8877,3.6748,4.7501,3.6612,6.2939,2.2603,5.2381
TCGA-G9-6356-11,3.2389,6.1581,3.0859,4.1515,3.7857,6.3688,-0.4719,3.5149,4.5958
TCGA-EJ-A7NG-01,3.2080,4.9284,3.4530,4.2833,3.8330,5.4121,1.6649,3.0961,4.9270
TCGA-EJ-7123-01,3.3661,6.2582,3.1491,4.6657,4.6083,3.5633,1.5758,3.2526,4.9477
TCGA-VP-A872-01,2.8422,4.0515,3.1360,2.0004,2.6371,4.0162,5.0858,3.3017,4.3342
TCGA-ZG-A9L6-01,3.0515,4.2751,3.5399,4.2795,3.8935,4.9519,2.3843,4.1236,4.6422
TCGA-J4-AATV-01,2.8482,6.4239,3.0637,4.1732,3.5212,5.9284,3.4778,3.3134,4.7533
TCGA-EJ-7792-01,3.3661,5.3837,4.1294,4.7350,4.2987,4.6944,2.3871,4.3702,4.6697
TCGA-XK-AAJ3-01,3.0145,4.9973,2.7444,4.9122,5.0884,2.5561,0.5763,1.7660,4.5386
TCGA-J4-A6G3-01,3.3717,6.2242,3.7730,4.4608,3.8551,6.1475,1.9931,4.2669,4.5577
TCGA-KK-A6E6-01,2.7657,5.4867,3.5136,4.2165,3.7773,4.7049,6.7315,3.4156,4.9910
TCGA-2A-AAYU-01,3.2973,5.4380,3.7982,2.1444,3.8561,3.4984,7.0987,2.6670,5.1946
TCGA-KC-A4BN-01,3.6782,6.0843,3.3619,3.7699,3.8481,5.6303,5.0934,2.8240,5.0947
TCGA-EJ-7784-11,3.4129,5.2932,4.1036,4.7115,4.6600,6.0566,1.8762,4.2350,4.4868
TCGA-EJ-A46B-01,3.2096,4.3306,3.2617,4.0073,4.1764,4.3730,1.3225,2.5413,4.4210
TCGA-HC-8259-11,3.0340,3.7006,3.5887,4.2173,4.1612,4.4906,1.6920,3.2389,4.0225
TCGA-YL-A8SP-01,3.4464,7.5472,3.7667,4.3421,4.7143,3.5547,6.4286,3.1653,0.5568
TCGA-G9-A9S0-01,3.3856,6.1069,3.3321,5.5012,3.4622,3.5299,0.2522,2.3649,4.9137
TCGA-ZG-A9LS-01,3.0944,5.9284,2.9839,4.7491,3.1829,4.8525,2.4359,3.8670,4.8253
TCGA-J9-A52B-01,3.4183,5.5485,3.2811,3.8759,4.5644,4.7263,6.7273,3.1458,4.4344
TCGA-KC-A4BV-01,3.1765,4.4906,3.3047,3.2511,3.8075,3.8915,6.6815,3.6950,4.7645
TCGA-VP-A875-01,3.4129,7.1345,1.8879,4.0662,3.9947,1.9895,6.7237,2.8641,4.8243
TCGA-KK-A6E7-01,2.7636,1.7403,2.6624,3.1733,4.4196,3.5584,0.9935,2.5238,3.3379
TCGA-XK-AAJP-01,3.2313,4.9500,3.0463,4.6312,4.8699,2.6441,0.5955,1.9073,4.4516
TCGA-HC-A76W-01,2.7508,5.8802,3.3407,4.4128,4.1136,4.8405,1.4228,3.2313,2.7868
TCGA-EJ-A8FN-01,2.9281,5.3292,3.5224,4.2721,3.6748,3.4464,1.2756,3.0217,4.4764
TCGA-KC-A7F3-01,3.3047,6.2689,2.7073,4.5874,3.8621,6.1225,0.7579,2.7972,4.8059
TCGA-CH-5767-11,2.8542,7.2773,3.5766,4.3625,3.6555,7.2972,0.8568,3.6838,4.6317
TCGA-YL-A8SL-01,3.6703,6.3236,2.4171,0.8082,5.1231,2.6579,7.4828,2.5338,5.2254
TCGA-2A-AAYO-01,2.8462,5.3402,2.7951,4.1571,3.7182,3.8023,1.2085,3.6497,4.7209
TCGA-G9-6364-01,2.7422,3.7226,3.7259,4.0523,4.3242,3.5098,5.5832,2.7357,5.1534
TCGA-EJ-5501-01,3.3235,5.8669,3.8401,4.1986,4.2825,4.0340,0.8164,3.2220,4.5249
TCGA-G9-6371-01,3.1377,5.8711,3.2737,4.1764,4.2465,2.8462,0.1648,2.4675,5.4774
TCGA-FC-A66V-01,2.2960,2.3193,1.9527,3.6714,3.0602,5.0769,-1.5522,0.8327,3.7313
TCGA-HC-A6AN-01,2.1476,4.9055,1.2636,5.2649,3.4648,3.2811,5.4951,1.3225,4.5928
TCGA-G9-6361-01,3.1523,6.1342,3.2811,3.0791,3.7529,3.8915,6.3279,2.7805,5.3381
TCGA-EJ-5518-01,3.9070,7.3022,3.2929,4.5311,4.9260,4.8017,3.0020,4.2676,5.3202
TCGA-KK-A7AW-01,2.0912,4.3744,-0.2845,2.9839,3.0740,1.8762,-1.1172,0.7321,4.4842
TCGA-KK-A8IH-01,2.9784,5.8048,2.7095,1.2209,3.2313,3.3633,5.9616,2.8661,3.8471
TCGA-EJ-5505-01,3.3897,5.1760,4.1506,4.6525,4.8131,3.7335,0.3796,2.8381,4.7170
TCGA-VN-A88R-01,3.0145,4.2350,2.4386,4.2728,4.7924,3.2143,1.3340,2.9450,4.2212
TCGA-EJ-5532-01,3.4687,6.6414,3.8531,4.5559,4.5784,4.0841,1.7053,3.6417,4.0549
TCGA-HC-7819-11,3.4543,3.5299,3.7529,4.3227,4.4027,4.5211,0.3907,2.6805,4.5079
TCGA-EJ-5514-01,3.8837,5.2028,3.9983,3.4700,5.2821,3.9983,2.2482,3.9599,4.6977
TCGA-EJ-7794-01,3.4569,6.5938,3.6680,5.0077,4.8375,4.8645,1.7532,3.8340,4.8610
TCGA-EJ-5517-01,3.4648,5.6329,4.0799,4.4397,4.1490,4.0688,1.0503,3.8310,4.6456
TCGA-G9-6338-01,2.2842,5.1111,2.3251,3.7006,3.2929,4.4823,1.5013,2.4035,3.7741
TCGA-KK-A8I5-01,2.9032,4.7767,3.2174,5.1918,3.3745,5.0709,5.2825,3.3745,5.0365
TCGA-EJ-AB27-01,3.0723,5.1977,3.4504,4.2488,4.0601,4.7903,0.1257,3.5887,4.5790
TCGA-EJ-5506-01,3.5022,3.4464,4.2541,4.4006,4.2095,4.9402,3.4765,3.2359,4.7437
TCGA-2A-AAYF-01,3.1844,5.4631,2.9394,4.3456,4.3555,3.1377,0.8488,2.0218,4.4088
TCGA-EJ-A65J-01,3.1637,4.2274,3.7857,1.5709,4.5766,2.8955,1.2333,2.6371,4.5802
TCGA-CH-5789-01,3.3076,5.8839,3.9487,4.4595,4.5053,5.8883,3.9783,3.4726,4.3148
TCGA-EJ-7123-11,2.9186,4.5473,3.7400,4.5553,4.1644,4.5650,1.9264,3.3814,3.8167
TCGA-EJ-A46D-01,3.0568,5.5233,2.9394,4.3184,3.5047,4.4686,6.6269,2.6487,4.6759
TCGA-YL-A8SI-01,2.8720,6.0828,2.9090,4.4203,4.2189,4.5104,1.6695,3.1311,4.2803
TCGA-VN-A88K-01,3.1540,6.7263,3.2826,4.5423,4.9672,3.4007,5.5534,3.7603,5.4922
TCGA-V1-A8MF-01,2.6348,6.4619,2.3423,4.6725,3.7432,5.0108,1.9340,3.9856,3.4411
TCGA-HC-7740-11,2.7551,3.3148,3.7720,3.9673,4.4437,4.3660,0.3115,3.0550,3.5174
TCGA-ZG-A9KY-01,3.2143,6.0481,4.2510,4.0541,5.3067,2.6138,0.8164,3.7940,5.2758
TCGA-CH-5752-01,3.6939,7.2234,3.6748,4.4855,5.6433,3.4304,6.9555,3.8054,5.6851
TCGA-VN-A88O-01,3.0145,5.2044,3.3336,4.0073,3.8340,4.1708,0.3685,2.8341,4.2870
TCGA-EJ-5502-01,3.3591,5.1843,3.8360,4.4990,4.1103,5.0153,5.2961,3.7982,4.8802
TCGA-ZG-A8QY-01,2.2299,4.6124,2.8321,4.1724,3.8630,3.4726,1.4281,2.6255,4.2721
TCGA-KC-A7FA-01,3.0446,5.5423,2.8096,3.5510,3.5669,4.5374,0.5470,3.2018,2.1894
TCGA-CH-5753-01,2.8482,5.1194,4.2281,4.8012,5.0657,4.8192,0.3231,3.2127,5.0449
TCGA-KK-A8IJ-01,3.3336,5.0009,3.7518,4.2758,4.0019,5.1165,1.2576,3.2466,4.1458
TCGA-HC-7817-01,2.8562,4.9635,3.9440,3.8208,3.7248,5.5091,2.1114,4.1474,4.6938
TCGA-G9-7519-01,2.9319,4.8314,2.4492,4.2158,3.7836,3.5237,0.3346,1.8363,4.1449
TCGA-CH-5748-01,3.4713,6.8648,3.8739,4.5577,4.6798,3.2632,0.3796,2.6670,5.0648
TCGA-YL-A8SQ-01,2.4934,6.0284,2.7551,4.6719,4.3986,3.4210,1.3679,3.2343,4.7361
TCGA-G9-6384-11,3.1924,5.8822,3.1653,3.8136,3.8876,5.9800,1.5115,2.8877,4.1409
TCGA-CH-5737-01,2.8819,5.5647,2.9167,3.1062,4.5940,3.2435,1.0151,3.1162,4.6300
TCGA-2A-A8W1-01,3.1653,5.8525,3.6939,4.3751,3.9810,2.3337,-0.9132,2.4727,4.5460
TCGA-EJ-A46G-01,2.5924,5.7055,3.3134,4.0926,4.8565,3.5621,1.4652,3.4765,4.8329
TCGA-V1-A8MM-01,2.4623,5.2200,2.3592,4.2892,3.2870,3.7783,1.8643,3.1572,4.8350
TCGA-J9-A8CM-01,2.6984,6.2793,2.4439,4.4595,3.4490,3.5827,5.8128,2.7847,5.1351
TCGA-HC-7212-01,3.8198,6.6829,3.3307,4.4588,5.0909,3.4622,7.4029,3.8002,4.4067
TCGA-CH-5761-01,4.3709,6.5836,4.1103,5.3147,5.6645,3.1620,1.9675,4.1169,5.1006
TCGA-KK-A8I7-01,3.0428,5.7052,3.4569,4.2870,4.0532,5.1514,2.7465,4.3944,4.4706
TCGA-HC-A6HX-01,1.8323,4.4823,0.9419,3.4411,2.9507,4.6640,-0.3201,1.5806,4.1931
TCGA-ZG-A9LZ-01,3.4061,6.3744,2.8199,3.8157,3.7400,3.8481,7.1263,3.0110,5.7677
TCGA-MG-AAMC-01,2.5658,3.1749,2.8462,1.9859,3.8136,2.7205,7.9398,1.3511,4.3660
TCGA-KC-A7F5-01,2.4857,5.0374,1.5758,4.1236,3.8798,2.1476,-0.5756,1.1316,4.8007
TCGA-EJ-7315-01,3.3856,4.9355,3.5682,3.2158,4.7512,3.2541,5.6969,4.7756,4.5211
TCGA-V1-A9OY-01,3.0446,4.7762,3.4490,4.8192,3.7950,4.7022,5.5668,3.5299,5.0739
TCGA-HC-7747-01,3.0757,6.7483,3.3435,4.1628,3.9251,4.3944,4.8963,3.0671,4.6083
TCGA-G9-6494-01,3.4504,5.4621,2.9929,4.3335,4.1294,4.5880,1.0293,2.6090,4.1103
TCGA-CH-5743-01,3.1079,6.1188,3.9060,4.5784,3.7940,7.0634,2.9338,4.0549,4.9374
TCGA-2A-A8VT-01,3.9487,6.0581,4.2803,4.7851,5.7795,4.2862,7.3524,3.1892,5.1094
TCGA-FC-A5OB-01,3.5098,4.2181,3.4477,4.3256,4.7334,2.7972,0.1648,2.1345,4.2412
TCGA-CH-5762-01,3.4143,6.5396,3.9261,5.0523,4.6000,5.4310,1.1512,4.0722,4.5473
TCGA-J9-A52D-01,3.2127,6.1058,2.7594,4.3506,5.5183,6.0286,-1.1172,0.5955,4.7693
TCGA-HC-8260-11,3.4933,3.7160,3.1095,4.1285,4.2899,5.3629,0.8726,3.0358,4.1384
TCGA-CH-5791-01,3.8640,4.7187,4.1169,3.6635,4.6000,3.3787,6.3165,3.0568,4.4450
TCGA-YL-A8SH-01,2.8799,5.4800,3.3478,4.0260,3.7083,4.3242,1.3901,2.7444,4.8059
TCGA-2A-A8VO-01,2.7679,5.2103,3.0944,4.0436,3.6916,3.4920,0.8164,2.6348,4.5596
TCGA-G9-6378-01,3.0481,4.3814,2.5948,4.2936,3.8198,3.9774,0.5470,2.7249,4.5663
TCGA-KK-A6E1-01,3.1892,5.0807,2.8361,2.5112,4.9098,3.3250,7.1174,2.6783,0.9419
TCGA-G9-6373-01,2.6510,4.8535,3.1045,2.6895,4.4784,3.4517,5.9556,2.5610,2.2082
TCGA-CH-5766-01,3.6277,4.9987,4.1644,3.0910,4.4074,4.6282,4.8748,3.6894,4.3256
TCGA-EJ-7781-11,3.0859,3.9194,4.3104,5.4290,4.5136,5.0095,1.8957,4.4390,4.2676
TCGA-H9-A6BX-01,3.0305,4.1708,3.3521,4.1136,3.5224,5.0743,1.4962,3.2915,4.7846
TCGA-EJ-5494-01,3.4739,6.6431,3.7302,4.3660,4.8555,5.1664,1.3340,3.4765,5.5958
TCGA-KK-A5A1-01,3.4344,6.3185,3.1377,4.3492,4.5098,2.6828,1.0503,2.8681,5.0184
TCGA-G9-6362-01,2.2960,1.8524,3.7804,4.5796,3.3619,3.2885,6.1940,2.4908,5.0045
TCGA-HC-8258-01,3.50729053214,5.23944094824,3.62109417211,5.96681045823,5.13016415112,5.55861814201,2.47186508064,5.70609593502,4.02128585392
TCGA-EJ-7330-11,2.9450,5.6874,4.1327,5.2107,4.1194,5.9215,2.7465,4.2847,4.4932
TCGA-EJ-5508-01,3.5523,6.2760,4.4569,4.8832,4.8694,4.8773,6.1546,4.4608,5.0679
TCGA-J4-A83J-01,3.2359,5.4935,2.7951,3.7061,4.1612,4.3513,3.5086,2.8034,4.3299
TCGA-KK-A8IL-01,3.5174,5.9780,3.4143,4.5002,3.2662,5.9759,1.4174,4.4183,4.7464
TCGA-FC-A8O0-01,2.9243,2.3926,3.4384,4.1595,3.8818,4.3399,0.0300,2.0742,4.5448
TCGA-YL-A9WX-01,3.1011,4.9750,3.5935,4.3506,3.9524,6.1039,5.6896,3.8611,4.5988
TCGA-VP-A878-01,3.2297,5.8851,3.3003,4.0506,3.8023,5.6367,2.5683,4.1417,4.6393
TCGA-G9-6347-01,1.4120,3.0654,0.8568,3.6804,2.7161,2.7117,0.2154,1.1184,4.0705
TCGA-HC-A6AP-01,1.9377,4.7587,1.6374,3.9450,2.8341,4.2609,0.7579,1.6281,4.1078
TCGA-HC-8264-01,3.0876,4.6938,3.3450,4.2936,5.1215,3.9865,2.3164,3.7518,3.9929
TCGA-HC-7748-01,3.5387,6.1104,4.2758,3.6417,5.3688,4.6520,6.6498,4.0532,5.1069
TCGA-HC-8213-01,2.8641,6.0424,3.7204,4.5053,3.8411,3.2617,6.3982,2.1476,4.9987
TCGA-V1-A9ZG-01,3.4700,5.3191,3.5136,3.0944,4.0225,5.4932,5.9291,4.1740,5.0104
TCGA-M7-A725-01,3.3435,3.6939,2.7073,4.6106,4.2601,3.6861,1.0293,3.0074,4.4894
TCGA-YJ-A8SW-01,3.4997,5.8605,2.9394,5.1006,4.9750,3.2328,0.5568,2.3898,4.3342
TCGA-EJ-A46F-01,2.1444,4.4848,2.0040,-0.2328,3.5337,1.2394,6.2147,0.5666,3.5098
TCGA-YL-A8SK-01,3.0757,5.6778,3.1987,4.3292,3.4424,5.8936,1.6234,3.5706,4.4868
TCGA-X4-A8KS-01,1.8363,2.6850,2.1313,3.9223,3.1245,4.1804,-0.0725,1.3109,4.6949
TCGA-KC-A7FE-01,3.1045,5.2877,3.4713,4.2510,3.7950,4.7986,1.9859,3.5098,4.6933
TCGA-VP-A87C-01,3.1588,5.4912,3.7646,4.4529,3.5923,5.1563,6.0790,5.2570,4.4067
TCGA-YL-A8SO-01,3.0740,5.9519,2.3592,5.3726,4.1019,5.0781,1.1316,2.6418,3.9421
TCGA-VP-A87D-01,3.2587,6.2730,3.6370,4.0705,4.2134,3.2127,8.6130,2.2723,2.0535
TCGA-HC-7232-01,3.5436,4.5374,3.3675,3.1011,4.4476,4.3456,6.3946,3.7050,4.8530
TCGA-ZG-A9NI-01,2.6043,5.1676,2.0535,4.6381,3.3464,3.7237,1.2394,2.9281,3.9108
TCGA-G9-6369-01,2.4597,3.8857,2.3953,3.5947,4.4660,2.3677,-0.3383,1.5366,4.1867
TCGA-V1-A9OL-01,2.5112,5.6035,3.4530,2.1047,5.0510,4.3198,1.0503,3.5073,4.5060
TCGA-HC-7211-01,3.6172,4.8783,4.4803,4.3328,5.5922,5.2273,3.1717,3.6382,4.8495
TCGA-J9-A8CN-01,2.6895,6.2001,2.7401,4.0462,3.6928,4.2833,1.2875,2.9128,4.1915
TCGA-KK-A59Y-01,3.0808,4.2533,2.2144,0.6517,3.5299,3.0859,6.4891,1.9675,4.2736
TCGA-4L-AA1F-01,3.0808,4.4257,3.6428,4.4384,3.4020,4.3270,5.7104,5.2906,3.5324
TCGA-CH-5739-01,3.5730,6.7687,3.6748,5.2717,4.6159,5.3799,7.0407,4.1027,5.5847
TCGA-EJ-7115-11,3.0074,4.6600,3.6451,4.5497,3.7857,5.3737,1.9786,3.4424,4.7693
TCGA-CH-5741-01,3.2826,4.7740,2.7951,0.9268,4.2196,2.9071,7.5383,2.2842,5.3948
TCGA-KK-A59V-01,2.6043,3.5199,2.6984,4.9538,4.0427,4.0610,0.9268,4.8485,5.1534
TCGA-J4-8200-01,3.2781,6.4647,3.6440,4.1954,3.6782,5.5160,1.3283,3.2707,4.3184
TCGA-XJ-A9DX-01,2.5163,4.2803,2.8482,4.4964,4.4101,3.1475,0.4340,2.5263,4.6000
TCGA-ZG-A9N3-01,3.1294,5.0717,3.2343,3.5047,4.3800,3.4997,5.5466,3.4609,5.1359
TCGA-EJ-5525-01,3.5694,7.4646,3.5887,5.5264,5.6053,5.1772,6.3038,4.0688,2.5658
TCGA-EJ-7327-01,3.6042,6.2445,4.5015,3.7237,4.8555,4.1490,7.1373,3.5299,5.6639
TCGA-KK-A7B0-01,2.0979,5.3958,0.9038,3.9459,3.0842,3.6312,0.3685,2.0040,4.5856
TCGA-G9-7522-01,3.3549,4.4700,3.6277,3.2127,4.0841,4.6832,5.2338,3.3364,4.6742
TCGA-CH-5738-01,3.2034,6.3648,4.1236,4.6640,4.2669,5.3989,1.7912,3.8630,5.0330
TCGA-2A-A8W3-01,3.4739,5.8810,3.8808,4.5522,4.8136,4.8744,1.2992,3.5461,4.0773
TCGA-HC-7077-01,3.3321,6.7108,3.1892,4.0392,4.1587,2.1213,5.6082,2.1444,5.5342
TCGA-J4-8198-01,3.5149,5.4874,3.1112,5.0233,4.3249,4.4881,6.6429,3.3293,4.7154
TCGA-EJ-A8FU-01,3.0463,4.7132,3.4156,3.8239,3.6219,5.8354,1.7532,3.6905,4.6628
TCGA-EJ-A7NH-01,3.0774,5.7973,3.3105,4.0713,4.1732,4.4216,1.3791,3.2189,4.2578
TCGA-YL-A9WK-01,3.0020,5.7377,2.6019,4.2728,3.8013,4.4970,1.8036,3.8126,4.0366
TCGA-V1-A9ZR-01,3.0056,7.7419,3.0127,4.5736,5.1052,4.4823,1.7403,3.3787,4.9869
TCGA-EJ-A6RC-01,2.9356,5.6453,3.2359,4.1668,3.8033,4.6247,1.5661,4.1351,4.7730
TCGA-2A-A8VX-01,2.9544,4.8842,2.8779,4.2593,3.9374,2.5731,-0.6873,0.2522,4.7872
TCGA-CH-5768-01,3.4210,7.1404,3.3993,4.9184,4.5386,3.7269,6.7177,2.9488,5.3726
TCGA-EJ-5527-01,3.5863,6.4567,4.0278,4.8515,4.8817,4.9732,6.4350,4.3534,4.4122
